rank,name,inst,vote,old,recent,no_files
1,Debian Gnome Maintainers,27755902,10060764,8086681,4158382,5450075
2,Not in sid,24493325,3478460,5477376,458852,15078637
3,Debian X Strike Force,17976457,6996994,4116365,1824312,5038786
4,Debian Qt/kde Maintainers,16422167,6078074,3873048,1766997,4704048
5,Debian Perl Group,14751037,1518715,9442243,1618812,2171267
6,Debian Multimedia Maintainers,11500332,3324988,1492212,734920,5948212
7,Utopia Maintenance Team,6637941,4416530,711794,912753,596864
8,Debian Libreoffice Maintainers,5986139,886154,1422942,654516,3022527
9,Debian Python Team,5270986,1321971,2997835,817683,133497
10,Debian Gcc Maintainers,3893233,1150196,1335829,408387,998821
11,Debian Javascript Maintainers,3879714,433178,2076443,504242,865851
12,Debian Java Maintainers,3544653,176420,776473,141088,2450672
13,Laszlo Boszormenyi,3519386,1162205,1125922,338153,893106
14,Matthias Klose,3493405,1554502,1229757,413618,295528
15,Debian Qa Group,3487073,750441,951162,274832,1510638
16,Debian Install System Team,3302335,490469,1782666,353670,675530
17,Debian Gnupg Maintainers,2941023,1927183,517485,260839,235516
18,Debian Accessibility Team,2920615,689831,847331,378754,1004699
19,Debian Printing Team,2669110,855056,1168924,392514,252616
20,Util-linux Packagers,2658139,1521187,653432,273845,209675
21,Debian Fonts Task Force,2575643,545217,164843,94790,1770793
22,Debian Kernel Team,2573224,884340,1052939,302118,333827
23,Debian Systemd Maintainers,2258934,1520810,202596,207313,328215
24,Guillem Jover,2123558,944958,646870,201955,329775
25,Sam Hartman,2081273,1422111,270534,171906,216722
26,Debian Xfce Maintainers,2026856,614993,624524,204641,582698
27,Debian Freedesktop.org Maintainers,1956469,1052999,539068,297539,66863
28,Gnu Libc Maintainers,1887737,903846,686851,198924,98116
29,Debian Netfilter Packaging Team,1869370,681428,772395,130240,285307
30,Maintainers Of Gstreamer Packages,1794122,598326,441710,228130,525956
31,Debian Samba Maintainers,1511790,562981,375017,153515,420277
32,Debian Science Team,1498809,121516,338228,67869,971196
33,Debian Gnutls Maintainers,1410106,931513,163701,122608,192284
34,Anibal Monsalve Salazar,1360979,716264,483214,145076,16425
35,Debian Science Maintainers,1351278,354548,424915,110987,460828
36,Marco D'itri,1335768,821595,305971,108964,99238
37,Debian Phototools Maintainers,1321149,463162,321147,151828,385012
38,Ncurses Maintainers,1270167,524374,340352,109017,296424
39,Santiago Vila,1252414,533864,583776,124816,9958
40,Alastair Mckinstry,1183721,331803,603822,112356,135740
41,Aurelien Jarno,1174769,498780,337476,118232,220281
42,Apt Development Team,1171738,575743,307794,113909,174292
43,Nicolas Mora,1125409,547971,150519,98615,328304
44,Jörg Frings-fürst,1123473,426524,379740,162642,154567
45,Laurent Bigonville,1122210,705652,72430,109816,234312
46,Theodore Y. Ts'o,1033897,498631,115073,63184,357009
47,Debian+ubuntu Mate Packaging Team,992760,344355,393520,118471,136414
48,Craig Small,979445,363953,173473,56137,385882
49,Grub Maintainers,959691,114985,584954,115139,144613
50,Debian Apache Maintainers,948879,476302,123787,56381,292409
51,Colin Watson,941974,773962,86309,77856,3847
52,Debian Tex Task Force,926931,167918,483972,105707,169334
53,Matthias Klumpp,895337,445640,225983,115494,108220
54,Debian Mono Group,866492,305576,454756,91971,14189
55,Robert Luberda,860138,131919,606377,120413,1429
56,Debianonmobile Maintainers,828229,566131,91307,133338,37453
57,Debian Vim Maintainers,821872,90269,640867,88376,2360
58,Alessandro Ghedini,810468,405819,242599,75777,86273
59,Debian Alsa Maintainers,801020,379024,100595,93165,228236
60,Debian Nvidia Maintainers,785795,212898,96057,43205,433635
61,Debian Boost Team,769828,88644,112927,36567,531690
62,Debian Xml/sgml Group,757204,305419,175995,54256,221534
63,Florian Ernst,756672,448959,100358,38385,168970
64,Sandro Tosi,752374,178256,464054,103976,6088
65,Christian Kastner,751383,454253,189750,66119,41261
66,Debian Lvm Team,748036,457330,176578,51340,62788
67,Josue Ortega,735710,545941,91255,61875,36639
68,Christoph Biedl,732803,245219,332089,126896,28599
69,Jonathan Nieder,732392,352755,195034,60567,124036
70,Debian Ruby Team,720113,175578,487781,40400,16354
71,Pulseaudio Maintenance Team,717361,384697,124882,74673,133109
72,Debian Uefi Maintainers,703426,202909,199920,84345,216252
73,Dr. Tobias Quathamer,675161,90428,113221,33319,438193
74,Debian Cyrus Team,671173,298319,58185,37170,277499
75,Debian Webkit Maintainers,669315,259714,41404,85657,282540
76,Boyuan Yang,659731,192960,154313,48649,263809
77,Matthew Vernon,655976,262886,125909,49024,218157
78,Debian Selinux Maintainers,649953,218907,46357,32562,352127
79,Debian Input Method Team,643621,238398,104641,81348,219234
80,Theppitak Karoonboonyanan,641262,269775,110339,51750,209398
81,Debconf Developers,632344,278100,88270,41581,224393
82,Imagemagick Packaging Team,629035,43649,154658,25129,405599
83,Agustin Martin Domingo,619419,129070,399974,89056,1319
84,Debian Openssh Maintainers,607454,382955,148318,55149,21032
85,Adrian Bunk,603577,191991,253997,66138,91451
86,Niko Tyni,599895,458074,63526,75741,2554
87,Debian Dns Team,594061,89712,372171,98555,33623
88,Ileana Dumitrescu,592582,327962,5412,31953,227255
89,Llvm Packaging Team,587861,340163,112110,83246,52342
90,Debian Gis Project,585873,74459,143144,46177,322093
91,Debian Tts Team,581606,224494,96838,67322,192952
92,Debian Mysql Maintainers,580171,162071,117898,43265,256937
93,Stephen Kitt,558990,221510,128556,48226,160698
94,Debian Sysvinit Maintainers,551900,434513,89929,26979,479
95,Dmitry Smirnov,550469,275235,171288,59184,44762
96,Debian Games Team,542722,39195,196905,18201,288421
97,Mathieu Trudel-lapierre,541676,342421,38296,106304,54655
98,Piotr Ożarowski,527164,63906,373514,87769,1975
99,Mime-support Packagers,515911,140904,181643,43656,149708
100,Christopher James Halse Rogers,514642,369601,40357,70039,34645
101,Maintainers Of Mozilla-related Packages,510506,269881,101593,92664,46368
102,Javier Fernández-sanguino Peña,507197,200961,26947,20268,259021
103,Barak A. Pearlmutter,493597,63910,197599,39637,192451
104,Debian Cinnamon Team,484909,203076,148594,73623,59616
105,Ayatana Packagers,480210,150305,161800,89393,78712
106,Dpkg Developers,474176,241634,186834,45578,130
107,Håvard F. Aasen,473795,235310,86060,27535,124890
108,Benjamin Drung,467148,138307,99106,35451,194284
109,Shadow Package Maintainers,464896,252686,160009,47785,4416
110,Heiko Stuebner,464401,295083,94126,54305,20887
111,Patrick Matthäi,463783,55362,137769,28095,242557
112,Debian Bluetooth Maintainers,457282,239008,68076,58835,91363
113,Milan Kupcevic,456509,251665,158650,45711,483
114,أحمد المحمودي,455081,212231,92666,54901,95283
115,Debian Php Maintainers,451668,164242,90170,21250,176006
116,Debian Isc Dhcp Maintainers,451641,53374,162156,30773,205338
117,Debian R Packages Maintainers,451429,91923,291012,67664,830
118,Andrej Shadura,451207,267642,99414,58169,25982
119,Clint Adams,441854,189821,210674,41172,187
120,Michael Biebl,437254,331854,79512,18894,6994
121,Tomasz Buchert,432525,292484,73924,45604,20513
122,Debian Elfutils Maintainers,423155,235857,73641,44215,69442
123,Debian Lua Team,421488,67444,162619,24944,166481
124,Debian Remote Maintainers,418999,82338,136694,60836,139131
125,Manoj Srivastava,413057,195482,170330,31907,15338
126,Debian Apparmor Team,412228,260180,62497,38229,51322
127,Debian Libvirt Maintainers,411475,186575,143568,40327,41005
128,Robert Edmonds,406990,94411,166634,61032,84913
129,Hugh Mcmaster,399515,134671,109361,29064,126419
130,Gtkpod Maintainers,386152,296682,38121,50987,362
131,Reportbug Maintainers,384860,15846,309127,59076,811
132,Debian Efi Team,383220,98212,201352,83269,387
133,Debian Tcl/tk Packagers,380322,48756,279634,33624,18308
134,Mark Brown,370790,226962,71893,33535,38400
135,Nobuhiro Iwamatsu,369352,253576,59905,34889,20982
136,Jonathan Carter,358137,146676,81890,41764,87807
137,Debian Lxde Maintainers,356160,68339,188570,34891,64360
138,Parted Maintainer Team,355784,250122,48774,43918,12970
139,Debian Openssl Team,355258,248483,56550,42080,8145
140,Debian Sdl Packages Maintainers,353468,20512,75426,15317,242213
141,Christian Göttsche,352639,134538,128829,31392,57880
142,Magnus Holmgren,347098,255239,36651,33782,21426
143,Jeff Breidenbach,346660,182038,68761,49333,46528
144,Timo Aaltonen,345394,181429,80902,39755,43308
145,Rpm Packaging Team,342412,207081,86152,45906,3273
146,Debian Kde Extras Team,341858,92614,102357,40332,106555
147,Bastian Germann,341837,162245,84498,28395,66699
148,Debian Voip Team,337299,25556,59077,9025,243641
149,Jordi Mallach,336166,52584,236233,33581,13768
150,Don Armstrong,332495,58031,216792,48570,9102
151,Rob Browning,330555,67499,200643,44221,18192
152,Dirk Eddelbuettel,324143,36851,177660,46847,62785
153,Axel Beckert,323540,90197,134251,25761,73331
154,Ondřej Surý,321544,136920,92092,29672,62860
155,Gabriel F. T. Gomes,320692,64450,195512,44714,16016
156,Andreas Metzler,315337,216179,44875,23301,30982
157,Debian Qemu Team,313676,54087,117426,30707,111456
158,Julian Andres Klode,313464,127166,136881,49300,117
159,Lxqt Packaging Team,307163,37915,92111,36116,141021
160,Debian Security Tools,303791,40335,197838,18957,46661
161,Debian Openldap Maintainers,300902,57970,20677,15078,207177
162,Debian Med Packaging Team,300022,107049,88307,28060,76606
163,Alessio Treglia,299878,214471,43948,40815,644
164,Stefano Rivera,293216,133595,59115,60956,39550
165,Gregor Jasny,290348,16217,30894,7540,235697
166,Debian Libidn Team,284657,181821,59253,40497,3086
167,Giuseppe Sacco,279151,118786,118592,38647,3126
168,James Cowgill,276988,157060,11018,18082,90828
169,Debian Authentication Maintainers,275353,153937,15104,18510,87802
170,Maintainers Of Libpng1.6 Packages,261981,128413,74960,25461,33147
171,Noah Meyerhans,261923,54078,177218,30530,97
172,Debian Efi,259781,153755,12233,33697,60096
173,Faidon Liambotis,259256,59815,133433,58447,7561
174,Miquel Van Smoorenburg,259243,44171,182356,30251,2465
175,Debian Cryptsetup Team,255411,113671,24540,20071,97129
176,Vincent Bernat,255000,23627,46449,13555,171369
177,Eric Dorland,251663,127944,83271,22681,17767
178,Noël Köthe,248015,53000,163058,29948,2009
179,Thorsten Alteholz,247670,89888,115434,40079,2269
180,Romain Francoise,245915,35237,129678,10405,70595
181,Daniel Kahn Gillmor,242607,21490,30173,10406,180538
182,Yangfl,236486,11426,48100,13698,163262
183,Michael Meskes,235398,81670,126540,26973,215
184,Ian Wienand,233851,135578,35260,18276,44737
185,Debian Telepathy Maintainers,229065,71222,73376,18289,66178
186,Janos Lenart,226859,204311,4476,17660,412
187,Michael Stone,225541,197389,10024,18059,69
188,Debian Adduser Developers,225140,201491,5147,18461,41
189,Popularity Contest Developers,224885,195861,11003,17956,65
190,Debian Release Team,224792,194208,11571,18945,68
191,Georges Khaznadar,224301,19655,153014,28285,23347
192,Julien Cristau,223644,85445,108381,29768,50
193,Simó Albert I Beltran,222914,15230,179102,28506,76
194,Josué Ortega,221216,132696,67960,20485,75
195,Debian Nginx Maintainers,221114,140513,71158,3309,6134
196,Console Utilities Maintainers,218929,125059,73040,20763,67
197,Gioele Barabucci,217017,130486,64747,21682,102
198,Andres Salomon,215711,91528,100999,22854,330
199,Guido Günther,213846,61897,37302,16073,98574
200,Kees Cook,212870,189719,6045,16910,196
201,Adam Borowski,212563,81083,66396,6262,58822
202,Ron Lee,212315,117160,52769,30774,11612
203,Henrique De Moraes Holschuh,211107,47657,107762,55610,78
204,Debian Gnupg-maintainers,209224,163116,25999,16384,3725
205,Tim Rühsen,209187,147260,40745,20663,519
206,Bernd Zeimetz,206082,41449,90183,14938,59512
207,Michael Van Der Kolff,203786,101094,31927,18561,52204
208,Steve Mcintyre,201181,79551,56271,24228,41131
209,Sebastien Delafond,201175,39634,124183,37321,37
210,Lance Lin,198448,93577,24600,18425,61846
211,Ryan Kavanagh,197032,110931,68636,16875,590
212,Exim4 Maintainers,196236,161534,5897,3135,25670
213,The Ayatana Packagers,195735,76966,63191,32865,22713
214,Thomas Weber,195254,122350,34947,18156,19801
215,Ludovic Rousseau,194727,127090,34696,17229,15712
216,Javier Fernandez-sanguino Peña,194680,191,494,34,193961
217,Fathi Boudra,192927,7033,399,196,185299
218,Debian Python-debian Maintainers,190169,12148,148225,29747,49
219,Philippe Swartvagher,189983,115292,18497,22836,33358
220,Sudo Maintainers,188465,150448,20927,16788,302
221,Debian Postgresql Maintainers,187612,66833,32863,5373,82543
222,Lmdb,187383,71732,53349,26823,35479
223,Debian Php Pear Maintainers,186721,37318,133824,15240,339
224,Debian Krap Maintainers,185995,71188,62372,28017,24418
225,Bastian Venthur,185560,10181,146135,29196,48
226,Optical Media Tools Team,184283,54673,85357,18843,25410
227,Debian Openstack,183590,45883,103979,30757,2971
228,Debian Libburnia Packagers,181782,16203,76337,21223,68019
229,Debian Hebrew Packaging Team,177932,97038,38095,19442,23357
230,Richard Laager,172191,52752,96251,13698,9490
231,Debian Iot Maintainers,170307,77630,24828,25951,41898
232,Alberto Garcia,170295,23318,103362,39430,4185
233,Dominique Dumont,169960,32362,99427,33136,5035
234,Gd Team,167789,104134,38208,18056,7391
235,Debian Printing Group,166864,21640,132109,8040,5075
236,Jan Dittberner,165665,108112,29423,26827,1303
237,Balint Reczey,164812,6974,44529,11139,102170
238,Openjdk Team,164775,11027,41739,18847,93162
239,Michael Vogt,160305,58671,80670,20637,327
240,Debian Haskell Group,160220,16025,96088,8481,39626
241,Debian Xen Team,157682,48887,5750,1168,101877
242,Peter Pentchev,152226,79933,38717,18160,15416
243,Roland Rosenfeld,149953,7855,117309,18995,5794
244,Hideki Yamane,149845,29463,89516,22997,7869
245,Changzhuo Chen,143648,26665,77899,38917,167
246,Damyan Ivanov,143007,8649,109480,21346,3532
247,Olly Betts,141197,30047,75076,18985,17089
248,Kartik Mistry,138779,27285,38344,18201,54949
249,Aptitude Development Team,137501,23070,94922,4152,15357
250,Thomas Goirand,137424,21012,86502,28526,1384
251,Paride Legovini,137385,21441,91755,24125,64
252,Tanguy Ortolo,131915,88436,12301,14523,16655
253,Debian Mobcom Maintainers,131659,59391,10488,7269,54511
254,Ritesh Raj Sarraf,130210,83624,21273,23517,1796
255,Debian Bsdmainutils Team,129543,6358,104763,4139,14283
256,Debian Rust Maintainers,129207,45716,24056,19189,40246
257,Lorenzo Puliti,128586,24626,87235,16485,240
258,Debian Gnustep Maintainers,127868,14823,79502,18196,15347
259,Guus Sliepen,127534,38321,22157,9467,57589
260,Paul Slootman,127369,57151,60926,9249,43
261,Debian Xml-sgml Group,126113,48821,62367,14880,45
262,Debian Lynx Packaging Team,124143,9976,73251,38995,1921
263,Debian Opencl Maintainers,120777,58507,10922,8326,43022
264,Kurt Roeckx,120309,15063,46481,6341,52424
265,Andreas Bombe,119809,41071,59994,18700,44
266,Net-tools Team,119622,33743,79926,5903,50
267,Dns-root-data Packagers,118918,2040,217,15,116646
268,Graham Inggs,118320,13879,16278,2695,85468
269,Debian Wpasupplicant Maintainers,116654,76591,21476,18561,26
270,Luca Boccassi,116635,12842,3700,435,99658
271,John Stamp,116362,14068,3947,570,97777
272,Daniel Baumann,116307,43134,51151,12324,9698
273,Ceph Packaging Team,116044,33515,24267,8540,49722
274,Bret Curtis,115822,1016,339,34,114433
275,Simon Kelley,115254,22603,70859,21697,95
276,Debian Common Lisp Team,114222,1198,5922,786,106316
277,David Suárez,113887,54301,20678,11558,27350
278,Keng-yu Lin,112793,8153,1216,170,103254
279,Debian Go Packaging Team,112121,53700,31711,6524,20186
280,Peter Piwowarski,112032,5866,7690,2138,96338
281,Martin Pitt,110927,56138,37380,16880,529
282,Sven Hoexter,109515,7932,78803,22746,34
283,Android Tools Maintainers,108497,19428,56355,8987,23727
284,A. Maitland Bottoms,108172,40924,19063,8509,39676
285,Chris Boot,107929,13531,72406,21960,32
286,Niibe Yutaka,107370,21280,41713,17497,26880
287,Tristan Seligmann,107132,30465,55412,20988,267
288,Jonas Smedegaard,106547,27323,38077,23404,17743
289,Ying-chun Liu,105549,55397,31543,12899,5710
290,Dmitry Shachnev,104890,26761,41245,11132,25752
291,Debian Desktop Team,104548,13682,1279,7732,81855
292,Debian Erlang Packagers,100263,18409,75121,3671,3062
293,Michael Fladischer,99145,11861,1776,332,85176
294,Juan Esteban Monsalve Tobon,98445,3657,73532,21198,58
295,James Mccoy,97890,22333,54586,6162,14809
296,Debian Lirc Team,97701,3019,5778,418,88486
297,Christoph Egger,94736,7212,30010,8496,49018
298,Shane Wegner,93721,70594,8489,14415,223
299,Bartosz Fenski,90930,24389,33591,6918,26032
300,Debian Sssd Team,90844,48794,7977,3746,30327
301,Gilles Filippini,90165,5867,32282,7271,44745
302,Mikhail Gusarov,89467,19280,48997,12654,8536
303,Debian Xml Sgml Team,89159,3418,19806,5253,60682
304,Sergei Golovan,88127,15644,52136,9245,11102
305,Markus Koschany,87042,13591,62243,9801,1407
306,Alexandre Mestiashvili,86958,45938,38479,2406,135
307,Joerg Jaspert,86004,8938,67908,8780,378
308,Paul Wise,85662,13163,51982,15170,5347
309,Andrew Starr-bochicchio,84640,27943,40815,11471,4411
310,Debian Wine Party,84628,13248,43536,4604,23240
311,Ricardo Mones,84529,5358,9116,5206,64849
312,Mattia Rizzolo,84352,5263,32554,7902,38633
313,Gürkan Myczko,84037,16316,4453,1632,61636
314,Boris Pek,83610,5743,67304,9496,1067
315,Daniel Lange,83398,16179,63234,3957,28
316,Seunghun Han,83032,15546,50293,6388,10805
317,Samuel Henrique,82224,4788,61973,15420,43
318,Marc Haber,81342,18636,48444,14172,90
319,Debian Chromium Team,78382,17199,26629,34531,23
320,Héctor Orón Martínez,77354,22926,30534,5619,18275
321,Debian/kubuntu Qt/kde Maintainers,76978,27344,11408,7596,30630
322,Debian Sdl Package Maintainers,75355,2125,13619,1207,58404
323,Sudip Mukherjee,73794,50012,6249,16431,1102
324,Dr. Helge Kreutzmann,73571,0,0,0,73571
325,Leonardo Rodrigues Pereira,73483,181,2269,103,70930
326,Debian Let's Encrypt,72836,61915,9539,1041,341
327,Debian Tex Maintainers,71592,4740,14520,3751,48581
328,Alexander Pozdnyakov,71217,7137,20630,1771,41679
329,Debian Emacsen Team,70214,11921,48898,5503,3892
330,Reproducible Builds Folks,69849,11144,50390,7700,615
331,Bill Allombert,69624,7569,27301,2779,31975
332,Jeroen Ploemen,69171,14008,43289,11726,148
333,Debian Opensc Maintainers,68661,31965,32855,3047,794
334,Hilko Bengen,68595,26466,25862,3195,13072
335,Debian Cli Libraries Team,67657,5191,43259,2648,16559
336,Pino Toscano,67073,15016,4401,3376,44280
337,Debian Fonts Team,66793,10802,104,1471,54416
338,Laurin Hagemann,66026,10347,34244,13388,8047
339,Unbound Packagers,65521,35879,14804,3581,11257
340,Geany Packaging Team,65240,4195,7183,486,53376
341,Gnome-colors Packagers,64247,0,0,0,64247
342,Clamav Team,63378,35095,16986,3902,7395
343,Stefan Schörghofer,62643,19903,22280,5631,14829
344,Debhelper Maintainers,62601,11579,43630,7372,20
345,Eduard Bloch,62360,20620,37686,3316,738
346,Lamont Jones,62000,34589,23940,1739,1732
347,Debian Hpc Team,61781,7902,25295,4417,24167
348,Anthony Fok,60928,1234,7629,784,51281
349,Benjamin Barenblat,60859,34307,2247,10814,13491
350,Debian Electronics Team,60703,5021,26957,6084,22641
351,Debian Nagios Maintainer Group,59805,28100,18704,765,12236
352,Jack Toh,59588,43962,2673,8329,4624
353,Debian Xmpp Maintainers,59486,3869,8284,1788,45545
354,Nick Gasson,59457,597,3112,209,55539
355,Debian Ruby Extras Maintainers,59337,15515,40519,2256,1047
356,Jay Berkenbilt,58873,14469,25339,18902,163
357,Kan-ru Chen,58835,5113,39337,14366,19
358,Enrico Tassi,58803,5178,47262,5053,1310
359,Iustin Pop,58061,6558,37392,12599,1512
360,Brian May,57540,5656,5485,840,45559
361,Samuel Thibault,57051,3985,17959,2873,32234
362,Tatsuya Kinoshita,56955,4552,42185,7804,2414
363,Roberto Lumbreras,55583,16933,24162,4633,9855
364,Debian Ha Maintainers,54977,33139,19474,962,1402
365,Debian Ocaml Maintainers,54345,8463,33842,6864,5176
366,Joao Eriberto Mota Filho,53975,8475,37554,5783,2163
367,Jackson Doak,53536,1281,38039,13918,298
368,Debian Electronics Packaging Team,53406,31172,6377,11809,4048
369,Debian Cmake Team,53368,5586,39308,7930,544
370,Vaclav Ovsik,53243,4,19,2,53218
371,Steinar H. Gunderson,53014,32655,8087,766,11506
372,Wxwidgets Maintainers,51964,9183,26458,8560,7763
373,Marc Dequènes,51745,26162,19459,3498,2626
374,Bo Yu,51592,169,513,1737,49173
375,Debian Php Pecl Maintainers,50985,28394,6274,974,15343
376,Kentaro Hayashi,49753,23401,185,7580,18587
377,Nokubi Takatsugu,49302,5243,19699,5480,18880
378,Tormod Volden,48781,16972,22433,3121,6255
379,Scarlett Moore,48546,5255,2772,2435,38084
380,Brendan O'dea,47793,5593,21567,3386,17247
381,Emmanuel Bouthenot,46793,7291,19331,2682,17489
382,Osamu Aoki,46216,819,14534,2905,27958
383,Debian Rakudo Maintainers,46085,2480,19498,4041,20066
384,Mateusz Łukasik,45885,12428,27561,4974,922
385,Mike Gabriel,45699,8524,8023,1435,27717
386,William Blough,44434,1948,5520,1102,35864
387,Debian Ubports Team,43903,2094,1998,672,39139
388,Debian Desktop Theme Team,43536,2578,83,106,40769
389,Thomas Pierson,42699,11050,6439,3847,21363
390,Xiao Sheng Wen,42593,5145,32979,1456,3013
391,Phillip Susi,41902,5792,30047,5991,72
392,Gdebi Developers,41849,8499,27053,6274,23
393,Tobias Frost,40813,4845,30974,3123,1871
394,Timo Jyrinki,40811,4994,2153,1417,32247
395,Debian Zfs On Linux Maintainers,40777,36769,1926,609,1473
396,Jose M Calhariz,40753,25085,15039,501,128
397,Herbert Parentes Fortes Neto,40447,6745,29843,3820,39
398,Rhonda D'vine,40341,8722,29461,1683,475
399,Rolf Leggewie,40120,3337,10662,1321,24800
400,Debian Virtualsquare Team,39913,3623,2807,247,33236
401,Qalculate Team,39568,6348,3039,2375,27806
402,Chris Lamb,39313,20637,10457,1316,6903
403,Debian Rrdtool Team,38955,16202,14776,816,7161
404,Carsten Schoenert,38907,16648,10673,11472,114
405,Mike Miller,38628,14617,10457,3034,10520
406,Fabio Fantoni,38526,7634,25537,2002,3353
407,Debian Privacy Tools Maintainers,38435,15810,10503,8931,3191
408,Victor Seva,38427,75,62,5,38285
409,Dynamic Kernel Module System Team,38304,15682,19782,2824,16
410,Jakob Haufe,38301,16163,13536,4332,4270
411,Jon Bernard,38260,4892,17596,2870,12902
412,Mutt Maintainers,38223,3940,31237,3032,14
413,Sebastien Badia,38099,8033,27023,2792,251
414,Niels Thykier,37428,7083,24504,5824,17
415,Debian Astronomy Maintainers,37070,1673,10583,1747,23067
416,Java Maintenance,36798,1014,15769,442,19573
417,Jérémy Bobbio,36081,28951,6064,995,71
418,Debian Acpi Team,35103,2427,31567,1085,24
419,Debian Math Team,34784,1664,20277,3238,9605
420,Unit 193,34720,4509,21622,7366,1223
421,Aaron M. Ucko,34443,3269,20029,1821,9324
422,Debian Go Compiler Team,34433,2528,11676,5339,14890
423,Munin Debian Maintainers,34201,16269,10908,494,6530
424,Kartik Kulkarni,34191,617,2170,136,31268
425,Debian Semweb Team,33965,6412,14663,1159,11731
426,Debian Zsh Maintainers,33957,16785,13624,1730,1818
427,Pkgutopia Team,33605,11106,896,712,20891
428,Andriy Grytsenko,33530,2100,27580,3655,195
429,Bob Proulx,33489,1993,30430,1046,20
430,Martina Ferrari,33320,3122,23261,6905,32
431,Debian Hamradio Maintainers,33100,6337,12070,1475,13218
432,Debichem Team,33013,2257,18400,2300,10056
433,David Heidelberg,32421,5314,10909,13156,3042
434,Dovecot Maintainers,32344,16539,14838,950,17
435,Timo Röhling,32293,11765,7621,8057,4850
436,Louis-philippe Véronneau,30949,1638,18621,4789,5901
437,Ben Finney,30524,3593,20998,4596,1337
438,Shengjing Zhu,30415,10597,8622,6618,4578
439,Debian Pkg-e Team,30404,7566,14896,3786,4156
440,Gert Wollny,30071,4746,7656,3631,14038
441,Manuel A. Fernandez Montecelo,30024,7811,20270,1607,336
442,Paul Brossier,29436,3551,15335,1870,8680
443,Chow Loong Jin,29431,7323,16789,2249,3070
444,Marco Nenciarini,29323,3168,10937,621,14597
445,Matteo Bini,29202,165,958,70,28009
446,Moray Allan,29026,18236,6811,3477,502
447,Thibaut Paumard,28932,1237,25084,2601,10
448,Guilhem Moulin,28837,5691,19882,2121,1143
449,Debian Cd Group,27225,2577,23404,1167,77
450,Tcl/tk Debian Packagers,27199,2025,20315,4105,754
451,Ari Pollak,27160,1519,12042,2575,11024
452,Federico Ceratto,27035,4130,19734,2885,286
453,Ian Jackson,26659,2649,22536,1094,380
454,Reinhard Tartler,26621,3268,19930,3395,28
455,Kevin Cernekee,26571,322,247,17,25985
456,Mo Zhou,26430,1610,18642,5021,1157
457,Anton Zinoviev,26415,398,315,22,25680
458,Phil Wyett,26405,4316,12541,3415,6133
459,Neil Roeth,26313,1841,21284,1153,2035
460,Bernhard Schmidt,26240,21817,3851,565,7
461,Chuan-kai Lin,25922,1879,16747,1018,6278
462,Alexander Wirt,25904,3854,18496,3292,262
463,Antoine Beaupré,25733,7678,15682,2341,32
464,Robert Ransom,25696,9421,6674,3872,5729
465,Yann Dirson,25680,593,12526,1648,10913
466,Agustin Henze,25657,3904,17004,2348,2401
467,Owncloud For Debian Maintainers,25497,14088,4953,488,5968
468,Simon Josefsson,25201,1602,3841,1257,18501
469,Davide G. M. Salvetti,25061,4219,17540,2633,669
470,Alexander Zangerl,24818,8677,13814,2293,34
471,A Mennucc1,24816,735,5816,455,17810
472,Debian Lintian Maintainers,24696,2394,19060,3229,13
473,Debian Julia Team,24551,4707,11126,2064,6654
474,Paul Gevers,24497,7920,13736,974,1867
475,Marc Leeman,24384,1918,18889,3319,258
476,Docker Compose Team,24300,3489,17856,2917,38
477,Thijs Kinkhorst,24145,1851,19237,1898,1159
478,Debian Octave Group,24125,605,3506,495,19519
479,Lionel Elie Mamane,24011,854,20314,2575,268
480,Christian Marillat,23787,7626,11659,4171,331
481,Pierre Chifflier,23627,7746,4088,3236,8557
482,Rene Engelhard,23532,588,3741,193,19010
483,Keith Packard,23492,8882,2169,398,12043
484,Syslog-ng Maintainers,23360,17210,3208,314,2628
485,Michal Čihař,22841,428,3440,148,18825
486,Felix Geyer,22810,2937,10500,2070,7303
487,Thorsten Glaser,22713,5010,10989,1031,5683
488,Sam Hocevar,22632,2355,15518,3850,909
489,Utkarsh Gupta,22403,8488,8625,4786,504
490,Sébastien Villemot,22208,10,36,13,22149
491,Oath Toolkit Team,22155,1276,1979,287,18613
492,Ghe Rivero,22078,3223,17716,1132,7
493,Xfs Development Team,22061,5167,14831,2056,7
494,Lourisvaldo Figueredo Junior,21949,797,17676,3465,11
495,Bastian Blank,21780,4935,15632,1203,10
496,Scott Howard,21661,987,880,74,19720
497,Guillaume Pernot,21581,660,18451,2454,16
498,Debian Kolab Maintainers,21446,11,4,0,21431
499,Debian Astronomy Team,21428,2836,13508,1389,3695
500,Joseph Nahmias,21272,1341,6409,293,13229
501,Otavio Salvador,21261,0,0,0,21261
502,Eric Sharkey,21178,1522,17772,1878,6
503,Bastien Roucariès,21137,1872,7377,1286,10602
504,Rémi Vanicat,21062,1284,17627,2136,15
505,Salvatore Bonaccorso,20840,2939,16177,1627,97
506,Debian Astro Team,20830,1352,12021,1596,5861
507,Gustavo Panizzo,20800,5895,5721,533,8651
508,Santiago García Mantiñán,20613,11237,8833,539,4
509,Jonathan Mccrohan,20521,10100,4745,817,4859
510,Jan Lübbe,20513,6086,12515,1888,24
511,Debian/kubuntu Kde Extras Team,20446,152,1576,127,18591
512,Phpmyadmin Team,20344,6185,13087,1060,12
513,Robert Woodcock,20290,2438,17056,790,6
514,Hugo Lefeuvre,20158,5356,3534,1178,10090
515,Debian Gambas Team,19867,1631,14269,3359,608
516,Stefanos Harhalakis,19714,2431,9815,405,7063
517,Pascal Packaging Team,19527,2343,7742,1875,7567
518,Johann Felix Soden,19525,1866,8690,567,8402
519,David Paleino,18961,2070,13440,2251,1200
520,Andrea Colangelo,18829,1620,10016,933,6260
521,Matteo Cypriani,18829,1653,14357,1867,952
522,Pkg-lxc,18748,10013,3028,311,5396
523,Strongswan Maintainers,18562,12041,3951,385,2185
524,Christopher Schramm,18502,15323,1377,1797,5
525,Eugene V. Lyubimkin,18132,2326,14886,895,25
526,Robie Basak,18058,3769,10579,3707,3
527,Vasudev Kamath,17916,3309,7868,1669,5070
528,Karl Ramm,17816,569,162,22,17063
529,Unrar Maintainer Team,17185,2391,11541,2895,358
530,Tianon Gravi,17003,891,15265,820,27
531,Martin A. Godisch,16834,1476,14525,827,6
532,Michael Tokarev,16666,3594,6642,3632,2798
533,Andreas Tille,16643,903,11815,338,3587
534,Michael Hudson-doyle,16630,14782,1296,361,191
535,Andrey Rakhmatullin,16589,6851,5559,2094,2085
536,Jamie Strandboge,16575,11552,4475,541,7
537,Debian Cloud Team,15949,2815,10581,779,1774
538,Martin Zobel-helas,15945,2196,13182,556,11
539,Francesco Paolo Lovergine,15905,1709,10052,995,3149
540,Debian Cairo-dock Maintainers,15712,4374,1268,65,10005
541,Gard Spreemann,15460,121,522,82,14735
542,Anton Gladky,15430,1153,9806,1474,2997
543,Luigi Gangitano,15333,3900,3167,232,8034
544,Sz Lin,15276,4778,8220,807,1471
545,Sascha Steinbiss,14507,2990,9668,1741,108
546,Debian Keyring Maintainers,14433,23,7,1,14402
547,Peter Palfrader,14391,5996,2180,548,5667
548,Marcio De Souza Oliveira,14218,1737,11875,565,41
549,Debian Chinese Team,14133,1188,8103,2794,2048
550,David Steele,14057,7413,2822,3722,100
551,Debian 3-d Printing Packages,13987,2196,7954,915,2922
552,Debian Freeipa Team,13847,3675,994,166,9012
553,Daniel Lenharo De Souza,13816,12815,905,84,12
554,Micha Lenk,13784,775,2104,419,10486
555,Horde Maintainers,13547,3994,9098,426,29
556,Tony Mancill,13387,1249,10313,964,861
557,Leon Marz,13307,1055,8696,746,2810
558,Sebastian Ramacher,13298,2422,8920,920,1036
559,Pcp Development Team,13202,7496,527,305,4874
560,Arthur De Jong,13175,3003,4912,305,4955
561,Marcos Fouces,13080,1988,10392,606,94
562,Calibre Maintainer Team,13043,3405,7722,1914,2
563,Debian Iscsi Maintainers,13025,9764,2970,251,40
564,Proftpd Maintainance Team,12947,5929,3080,151,3787
565,Andrew Pollock,12914,806,5806,170,6132
566,Scott Talbert,12890,5777,4239,818,2056
567,Simon Richter,12876,48,141,16,12671
568,Tigervnc Packaging Team,12860,2867,9351,642,0
569,Toby Smithe,12631,114,1071,100,11346
570,Ross Gammon,12591,945,3833,339,7474
571,Philip Rinn,12520,2095,9107,900,418
572,Johannes Schauer Marin Rodrigues,12478,1797,8701,1876,104
573,Oleksandr Moskalenko,12374,1759,2658,290,7667
574,Mark Pearson,12307,2191,5401,4712,3
575,Debian Wine Team,12254,600,5363,578,5713
576,Simon Quigley,12238,1025,4480,685,6048
577,Puppet Package Maintainers,12111,6231,3080,226,2574
578,Jan Luca Naumann,11997,893,11012,79,13
579,Debian Tryton Maintainers,11900,2004,8744,1091,61
580,Tidy Html5,11790,2283,5163,259,4085
581,Atsushi Kamoshida,11500,481,10007,908,104
582,Sway And Related Packages Team,11336,3551,4286,1726,1773
583,James Bromberger,11204,3412,7279,511,2
584,Peter Novodvorsky,11161,0,0,0,11161
585,Natural Language Processing,11118,245,4683,250,5940
586,Debian Sugar Team,11100,266,3238,406,7190
587,Aigars Mahinovs,11050,1779,7839,1233,199
588,Martin Kepplinger,10877,901,2485,854,6637
589,David Bürgin,10674,6710,3550,139,275
590,Hypra Team,10655,2601,5298,925,1831
591,Stefan Hornburg,10629,3503,6751,335,40
592,Bruno Naibert De Campos,10402,778,7102,2515,7
593,Resolvconf Team,10295,7887,2253,151,4
594,Boian Bonev,10249,2746,4903,403,2197
595,Camm Maguire,10189,538,6484,339,2828
596,Florian Schlichting,10127,1801,7552,551,223
597,Aron Xu,10099,713,9124,261,1
598,Nicholas Guriev,10077,3373,2139,517,4048
599,Shachar Shemesh,10068,1803,7613,321,331
600,Christian Ehrhardt,10011,7109,2239,662,1
601,Varun Hiremath,9881,860,7740,463,818
602,Willem Van Den Akker,9865,772,8831,259,3
603,Wookey,9774,706,3609,502,4957
604,Debian Virtualbox Team,9638,4187,2419,917,2115
605,Paul Tagliamonte,9624,238,4587,418,4381
606,Tollef Fog Heen,9588,1559,5459,296,2274
607,Joel Rosdahl,9382,2910,5670,764,38
608,Vincent Legout,9375,230,4278,588,4279
609,Sean Whitton,9297,1852,1199,95,6151
610,Kouhei Maeda,9244,751,6680,1808,5
611,Filesystems Group,9170,1230,7268,671,1
612,Debian Bacula Team,9138,5050,2861,49,1178
613,Devscripts Maintainers,9134,1540,6320,1272,2
614,Fabio Augusto De Muzio Tobich,9130,4277,4566,205,82
615,Lee Garrett,9060,1793,5719,1548,0
616,Deborphan Maintainers,9015,1597,7082,333,3
617,Dariusz Dwornikowski,8887,1667,6718,353,149
618,Benjamin Mako Hill,8759,1276,7143,339,1
619,Michael Stapelberg,8740,3875,2842,305,1718
620,Matt Taggart,8595,1485,6401,708,1
621,Mpd Maintainers,8538,3655,4099,363,421
622,Debian Freeradius Packaging Team,8472,4110,4140,195,27
623,Paolo Greppi,8386,683,5867,542,1294
624,Michael Banck,8384,2105,4131,284,1864
625,Christoph Martin,8284,7356,757,168,3
626,Debian Dm Multipath Team,8280,5300,2611,292,77
627,William Grzybowski,8274,867,6921,483,3
628,Nicolas Schier,8221,3170,4770,279,2
629,Ola Lundqvist,8180,3627,1346,73,3134
630,Debian Python Modules Team,8141,1557,5870,694,20
631,Jeremy T. Bouse,8112,2520,4564,851,177
632,Alberto Luaces Fernández,8101,696,5393,558,1454
633,Debian Window Maker Team,8015,1835,5062,560,558
634,Phpmyadmin Packaging Team,7862,2994,4644,194,30
635,Ejabberd Packaging Team,7846,2108,4135,358,1245
636,Patrick Ruckstuhl,7749,1221,5864,654,10
637,Nicoo,7735,3873,3643,219,0
638,Thomas Ward,7724,549,6715,458,2
639,Gennaro Oliva,7657,1739,1243,548,4127
640,Luis Paulo Linares,7653,547,4748,2357,1
641,Christian M. Amsüss,7640,1159,2166,240,4075
642,Torsten Landschoff,7632,701,5655,489,787
643,Giovani Augusto Ferreira,7536,498,6507,530,1
644,Guilherme De Paula Xavier Segundo,7479,873,5972,395,239
645,Debian L10n Developers,7468,693,3933,931,1911
646,Ludovic Drolez,7468,941,4653,1077,797
647,Debian Dpdk Maintainers,7422,833,3742,561,2286
648,Joachim Reichel,7377,809,5627,797,144
649,Gudjon I. Gudjonsson,7374,895,4064,434,1981
650,Debian Logcheck Team,7360,3295,1949,71,2045
651,Debian Roundcube Maintainers,7355,2030,1303,111,3911
652,Felix Zielcke,7345,3172,3873,295,5
653,Debian Deepin Packaging Team,7321,3027,2226,376,1692
654,Debian Lighttpd Maintainers,7317,3707,3266,226,118
655,Lev Lamberov,7179,301,5079,146,1653
656,David Bremner,7173,2883,3294,395,601
657,Martin Meredith,7154,1188,4722,1235,9
658,Rock Storm,7071,1056,4214,1679,122
659,Chris Taylor,7054,749,5990,314,1
660,Mattias Ellert,7033,525,3495,218,2795
661,Alexander Gq Gerasiov,7019,3154,3324,259,282
662,Daniel Echeverri,6915,2706,3797,335,77
663,Emanuele Rocca,6853,188,1630,163,4872
664,Iñaki Malerba,6846,1134,4453,1259,0
665,Russ Allbery,6774,891,1543,79,4261
666,Debian Deep Learning Team,6772,427,2252,569,3524
667,Dylan Aïssi,6684,1172,3072,277,2163
668,Jean-michel Kelbert,6672,553,5792,323,4
669,Per Olofsson,6661,0,0,0,6661
670,Markus Wanner,6660,4033,1355,121,1151
671,Free Ekanayaka,6644,5615,532,77,420
672,David Mohammed,6641,1623,1234,464,3320
673,Reiner Herrmann,6616,1344,3553,516,1203
674,The Debian Lua Team,6543,3410,52,29,3052
675,Harshula Jayasuriya,6514,1628,433,131,4322
676,Andreas Rönnquist,6511,2103,4066,342,0
677,Iohannes M Zmölnig,6492,1164,3105,380,1843
678,Vincent Danjean,6480,1384,1103,71,3922
679,Scott Kitterman,6430,2120,3978,316,16
680,José L. Redrejo Rodríguez,6355,560,5334,459,2
681,Yaroslav Halchenko,6353,2501,3584,261,7
682,Debian Desktop Themes Team,6322,164,0,4,6154
683,Debian Vsquare Team,6310,481,5392,270,167
684,Vincent Blut,6292,5521,677,93,1
685,Mongo C Driver Team,6281,2555,1592,242,1892
686,John Paul Adrian Glaubitz,6264,698,4948,436,182
687,Matthijs Kooijman,6229,95,1240,68,4826
688,Debian Astro Maintainers,6195,652,5115,380,48
689,Josip Rodin,6173,1214,4798,160,1
690,John Scott,6119,192,1057,4867,3
691,Raphaël Halimi,6062,4323,724,179,836
692,Uwsgi Packaging Team,6059,2038,2108,377,1536
693,Nikos Tsipinakis,6038,2695,2882,460,1
694,Francois Mazen,5977,496,2401,759,2321
695,Martin Quinson,5961,663,5009,264,25
696,Holger Levsen,5954,1498,3816,280,360
697,Debian Mozilla Extension Maintainers,5953,1936,1706,804,1507
698,Vincent Cheng,5945,1528,2297,376,1744
699,Debian Sass Team,5920,782,3261,591,1286
700,Debian Pbuilder Maintenance Team,5874,715,4991,165,3
701,Debian Salt Team,5859,3050,2264,532,13
702,Erik Schanze,5835,409,5082,343,1
703,Sebastian Harl,5809,721,3603,139,1346
704,Keith Winstein,5798,1087,4489,219,3
705,Debian I3 Maintainers,5783,1702,1281,157,2643
706,Debian Borg Collective,5703,2924,2072,428,279
707,Sebastian Humenda,5682,175,212,36,5259
708,Salvo 'ltworf' Tomaselli,5681,3180,2440,54,7
709,Fabien Givors,5675,415,5059,201,0
710,Ilias Tsitsimpis,5644,1824,3422,398,0
711,Html5-parser Maintainer Team,5611,1533,3712,364,2
712,Collectd Packaging Team,5553,1652,1154,64,2683
713,Peter Blackman,5468,580,2967,533,1388
714,Jérémy Lal,5384,1518,3163,97,606
715,Colin Ian King,5373,1195,3086,461,631
716,Hilmar Preuße,5281,344,4589,345,3
717,Lior Kaplan,5273,356,3148,226,1543
718,Tom Jampen,5186,390,1293,146,3357
719,Jamie Wilkinson,5127,257,2421,114,2335
720,Debian Cli Applications Team,5082,1287,3335,171,289
721,Miriam Ruiz,5061,735,3781,312,233
722,Josef Schneider,5004,1296,3404,303,1
723,Dustin Kirkland,5000,1117,3272,185,426
724,Birger Schacht,4982,1461,1457,375,1689
725,Debian Shorewall Team,4971,2002,2543,126,300
726,Paulo Roberto Alves De Oliveira,4930,520,4182,227,1
727,Apollon Oikonomopoulos,4929,730,3956,188,55
728,Dmitry E. Oboukhov,4895,784,3168,709,234
729,Tiago Bortoletto Vaz,4881,2627,991,50,1213
730,Vagrant Cascadian,4872,517,2704,266,1385
731,Yves-alexis Perez,4865,89,31,6,4739
732,Jean-philippe Orsini,4854,1026,3553,255,20
733,Jussi Pakkanen,4771,619,3004,1143,5
734,Juan Cespedes,4758,306,4267,182,3
735,Cross Toolchain Base Team,4757,415,3794,537,11
736,William Desportes,4757,1630,2770,348,9
737,Pirate Praveen,4701,106,1351,747,2497
738,Hilmar Preusse,4664,480,3906,249,29
739,Stuart Prescott,4650,506,2757,818,569
740,Troy Heber,4642,895,2404,120,1223
741,Petter Reinholdtsen,4633,1565,1589,146,1333
742,Francois Marier,4630,1002,2189,269,1170
743,Josenilson Ferreira Da Silva,4547,463,3860,213,11
744,Andreas Beckmann,4521,388,1890,228,2015
745,Mohammed Adnène Trojette,4495,350,4024,117,4
746,Nikolaus Rath,4467,1439,2671,314,43
747,Stefan Völkel,4464,515,3806,143,0
748,Rust Maintainers,4427,308,2819,291,1009
749,Tree-sitter Maintainers,4423,1744,1446,730,503
750,Willi Mann,4407,2988,1356,62,1
751,Philipp Kern,4372,173,1199,104,2896
752,Felipe Sateler,4341,645,2667,669,360
753,Bernhard R. Link,4331,527,3689,112,3
754,Debian Cups Maintainers,4281,682,3394,200,5
755,Asheesh Laroia,4274,386,2223,95,1570
756,Debian Clojure Maintainers,4264,692,1653,183,1736
757,Arto Jantunen,4259,562,2740,956,1
758,Taku Yasui,4236,43,95,2,4096
759,Michael Prokop,4225,362,3637,212,14
760,Debian Edu Developers,4219,564,541,58,3056
761,Dmitry Baryshkov,4212,8,32,1,4171
762,Ana Custura,4161,478,2778,892,13
763,Fingerforce Team,4157,2031,668,185,1273
764,Jonathan Dowland,4156,716,3161,270,9
765,Gianfranco Costamagna,4154,1903,1392,359,500
766,Kylin Team,4148,713,1590,236,1609
767,Project Hamster Team,4144,215,3062,331,536
768,Ulises Vitulli,4135,1505,2172,152,306
769,Matteo Vescovi,4123,933,2728,328,134
770,Debian Edu Packaging Team,4120,671,1521,880,1048
771,Uwe Steinmann,4107,1049,2368,162,528
772,Debian-in Team,4078,301,1834,194,1749
773,Afif Elghraoui,4055,312,3003,738,2
774,Carlos Laviola,4034,850,2991,188,5
775,Jeroen Schot,4027,931,2927,168,1
776,Nicolas Boulenguez,3988,354,2923,420,291
777,Steve M. Robbins,3967,314,2813,568,272
778,Tim Retout,3967,247,2731,92,897
779,Xavier Guimard,3958,3519,401,31,7
780,Mark Hindley,3907,1652,1288,290,677
781,Stephen Gelman,3882,702,2861,167,152
782,Lennart Weller,3868,337,2474,196,861
783,Sylvestre Ledru,3857,773,2188,886,10
784,Debian Vdr Team,3824,965,2571,91,197
785,Xavier Roche,3760,370,3041,207,142
786,Uwe Hermann,3728,405,3184,137,2
787,Nick Morrott,3706,740,2299,503,164
788,Carlo Segre,3692,528,2996,167,1
789,Debian Gps Team,3661,270,1976,147,1268
790,Yoshino Yoshihito,3650,0,0,0,3650
791,Oliver Sauder,3621,2274,1242,72,33
792,James Mcdonald,3619,434,2231,98,856
793,Jochen Sprickerhof,3612,1179,728,536,1169
794,Krzysztof Burghardt,3595,543,2798,233,21
795,Florian Weimer,3593,2895,646,50,2
796,Nicholas D Steeves,3560,1925,1383,214,38
797,Martin-éric Racine,3557,1291,1838,280,148
798,Debian Policy Editors,3480,0,0,0,3480
799,Matthew Grant,3478,500,2823,155,0
800,Dave Ewart,3451,367,2945,138,1
801,Debian Flightgear Crew,3378,132,1444,133,1669
802,Evgeni Golov,3360,1047,2092,180,41
803,Debian Breezy Maintainers,3329,686,2135,403,105
804,Alexander Reichle-schmehl,3321,163,1420,81,1657
805,Mathieu Malaterre,3314,346,2403,170,395
806,Andrius Merkys,3295,550,2511,187,47
807,Elena Grandi,3295,438,2359,497,1
808,Richard Kreckel,3256,97,1145,81,1933
809,Debian Boinc Maintainers,3238,1572,753,55,858
810,Radovan Garabík,3237,754,2164,114,205
811,Christopher Baines,3236,722,2038,474,2
812,Vignesh Raman,3231,2607,56,534,34
813,Sepi Gair,3228,850,953,203,1222
814,Hsieh-tseng Shen,3187,334,2662,191,0
815,Carl Worth,3156,878,1835,226,217
816,Pierre Blanc,3151,306,2753,91,1
817,Developers Reference Maintainers,3144,89,636,79,2340
818,Enrique Hernández Bello,3142,86,922,54,2080
819,Hakan Ardo,3130,957,1894,135,144
820,Thiago Andrade Marques,3128,619,2378,129,2
821,Taisuke Yamada,3109,184,1783,116,1026
822,Jose Luis Rivas,3102,632,1364,35,1071
823,Kenneth J. Pronovici,3090,231,2664,189,6
824,Milan Zamazal,3075,202,2407,461,5
825,Matrix Packaging Team,3071,946,1844,228,53
826,Gergely Risko,3059,146,565,19,2329
827,Andrea Pappacoda,3041,601,289,130,2021
828,Ruben Undheim,3006,929,1226,90,761
829,Higuchi Daisuke,3001,236,1884,237,644
830,Romain Perier,2998,1026,1637,314,21
831,Podman Packaging Team,2978,2557,329,89,3
832,Kenshi Muto,2951,0,0,0,2951
833,Helge Kreutzmann,2947,183,2570,161,33
834,Krzysztof Krzyżaniak,2896,231,2426,239,0
835,Anuradha Weeraman,2885,467,1832,114,472
836,Martin Steigerwald,2885,472,2194,192,27
837,Martin Buck,2863,709,1480,93,581
838,Debian Opencl Team,2854,193,1535,318,808
839,Debian Security Team,2842,1981,820,41,0
840,James Lu,2835,915,1563,180,177
841,Tomas Fasth,2778,173,2445,158,2
842,Andrii Senkovych,2775,878,1491,355,51
843,Andreas Moog,2770,1225,442,54,1049
844,Russell Coker,2719,945,1717,57,0
845,Julien Fortin,2709,1343,1182,183,1
846,Rico Tzschichholz,2686,1390,554,123,619
847,Jason Pleau,2675,1106,1087,145,337
848,Carlos Maddela,2666,381,1191,105,989
849,Debian Bazaar Maintainers,2642,145,863,19,1615
850,Hajime Mizuno,2623,435,2096,68,24
851,Debian Korean L10n,2619,290,1160,101,1068
852,Andrea Capriotti,2600,3,16,2,2579
853,Mark Nevill,2599,555,846,51,1147
854,Walter Franzini,2589,715,1799,75,0
855,Gaetano Guerriero,2578,288,2178,112,0
856,Miroslav Kure,2561,100,1686,183,592
857,Alejandro Garrido Mota,2555,494,1979,82,0
858,Marius Gripsgard,2542,845,1379,317,1
859,Freedombox Packaging Team,2533,911,487,179,956
860,Joachim Wiedorn,2519,850,1064,54,551
861,Live Systems Maintainers,2494,197,113,12,2172
862,Alberto Gonzalez Iniesta,2482,1233,1146,72,31
863,Debian Qt Extras Team,2453,346,1980,120,7
864,Simon Mcvittie,2432,396,585,29,1422
865,Євгеній Мещеряков,2420,159,1303,137,821
866,Debian Ci Team,2415,315,1889,211,0
867,Martijn Van Brummelen,2413,479,1730,89,115
868,Peter S Galbraith,2398,143,1907,96,252
869,Ian Campbell,2395,778,1350,267,0
870,Antonio Terceiro,2393,665,1470,190,68
871,Bart Martens,2364,358,1908,97,1
872,Hans-christoph Steiner,2358,414,540,60,1344
873,Christian T. Steigies,2349,126,2085,104,34
874,Luciano Bello,2348,549,1568,229,2
875,Nicholas Breen,2334,264,1943,113,14
876,Jerome Benoit,2328,627,1295,208,198
877,Debian Shib Team,2314,1275,156,16,867
878,Kristian Nielsen,2314,312,1881,115,6
879,Debian/ubuntu Qt/kde Maintainers,2311,76,1840,393,2
880,Yanhao Mo,2308,1214,866,228,0
881,Thomas Lange,2289,451,1441,88,309
882,Elías Alejandro Año Mendoza,2287,303,1870,110,4
883,Debian Seafile Team,2280,973,1135,141,31
884,Dario Minnucci,2259,622,1589,47,1
885,Kari Pahula,2252,388,1272,93,499
886,Markus Frosch,2235,176,1977,82,0
887,Debian Haproxy Maintainers,2233,1768,203,16,246
888,Vern Sun,2231,764,1324,143,0
889,Jose G. López,2214,261,1833,110,10
890,Michael Tautschnig,2208,142,1955,96,15
891,Christopher Knadle,2205,846,1295,62,2
892,Taniguchi Takaki,2195,256,1826,110,3
893,Douglas Kosovic,2182,491,1532,159,0
894,Kiyoshi Matsui,2165,274,1570,197,124
895,Abhijith Pa,2151,1057,980,114,0
896,Muammar El Khatib,2151,195,1623,92,241
897,Francesco Poli,2144,1498,602,44,0
898,Crosswire Packaging Team,2141,342,1182,121,496
899,Frédéric Bonnard,2125,534,822,417,352
900,Daniel Schepler,2124,126,1453,60,485
901,Kurashiki Satoru,2095,248,1788,57,2
902,Martin Wimpress,2095,547,1306,234,8
903,Torsten Paul,2095,294,1668,102,31
904,Christoph Berg,2088,817,1223,46,2
905,Wouter Verhelst,2086,563,1275,138,110
906,Thomas Perret,2081,247,1134,98,602
907,Frédéric Pierret,2077,440,1192,211,234
908,Jeffrey Ratcliffe,2068,316,1631,121,0
909,Debian Let's Encrypt Team,2066,725,893,49,399
910,Julián Moreno Patiño,2054,1127,729,15,183
911,Joaquin De Andres,2048,269,1499,280,0
912,Debian D Language Group,2039,820,815,132,272
913,Miguel Figueiredo,2033,999,1013,19,2
914,Debian Netplan Maintainers,2031,632,1185,204,10
915,Marcin Owsiany,1991,213,1700,75,3
916,Maximiliano Curia,1984,431,1080,309,164
917,Sbuild Maintainers,1980,658,1187,135,0
918,Samir Hussain,1951,1633,298,19,1
919,Debian Cryptocoin Team,1947,224,1051,390,282
920,Debian Live Maintainers,1943,260,433,46,1204
921,John Goerzen,1885,314,1227,166,178
922,Debian Pure Blend Team,1871,69,872,54,876
923,Richard Hansen,1858,1012,807,39,0
924,Margarita Manterola,1821,133,1633,50,5
925,Phil Brooke,1816,189,1566,39,22
926,Alexandre Rossi,1807,539,1053,89,126
927,Ludovic Brenta,1800,109,669,74,948
928,Gregor Herrmann,1799,530,1115,72,82
929,Julien Viard De Galbert,1784,1241,526,16,1
930,Ryan Finnie,1780,191,1476,113,0
931,Johan Euphrosine,1774,34,1144,594,2
932,Debian Check-dfsg-status Maintainers,1771,1002,677,92,0
933,Gunnar Wolf,1770,251,1475,43,1
934,Pali Rohár,1766,1116,622,26,2
935,Mediawiki Packaging Team,1764,980,697,80,7
936,Luca Bruno,1730,271,930,29,500
937,Martin Kelly,1728,333,1043,295,57
938,Thomas Girard,1727,422,670,76,559
939,Hugo Torres De Lima,1723,216,1268,239,0
940,Goswin Von Brederlow,1721,171,1473,76,1
941,Nanakos Chrysostomos,1720,170,1498,52,0
942,Safir Secerovic,1717,0,0,0,1717
943,Debian Pan Maintainers,1693,135,1253,114,191
944,Shell Xu,1688,233,1212,243,0
945,Nathan Scott,1685,143,1489,52,1
946,Luke Faraone,1676,707,837,70,62
947,Sebastian Reichel,1667,571,911,91,94
948,Frank B. Brokken,1665,123,1131,213,198
949,Jean-michel Vourgère,1656,204,1137,86,229
950,Jonathan Wiltshire,1649,931,654,64,0
951,Neurodebian Team,1647,149,903,212,383
952,Norbert Preining,1646,51,1534,59,2
953,Peter Spiess-knafl,1606,155,1377,49,25
954,Daniel Martí,1603,109,1432,62,0
955,Volian Developers,1594,865,454,275,0
956,Fabian Wolff,1590,229,1172,53,136
957,Khalid Aziz,1570,319,1223,28,0
958,Santiago Ruano Rincón,1556,173,1129,45,209
959,Elimar Riesebieter,1551,264,966,66,255
960,Debfoster Maintainer Team,1550,139,1383,27,1
961,Harald Dunkel,1540,412,1037,89,2
962,Marius Gavrilescu,1538,130,1359,49,0
963,Stephan Lachnit,1519,98,407,38,976
964,Dominik George,1518,161,1062,64,231
965,Mohan Devarajulu,1517,750,733,26,8
966,Sam Morris,1515,42,46,8,1419
967,Debian Robotics Team,1514,172,801,275,266
968,Kumar Appaiah,1485,107,791,57,530
969,Ubuntu Developers,1480,116,561,59,744
970,Daniel Echeverry,1478,299,1112,65,2
971,Gregory Colpart,1475,66,1351,58,0
972,Stein Magnus Jodal,1471,316,1009,104,42
973,Mateusz Skowronski,1456,0,0,0,1456
974,Peter Michael Green,1456,367,930,146,13
975,Yokota Hiroshi,1452,568,504,380,0
976,Matt Palmer,1444,180,1196,68,0
977,Debian Junior,1443,8,285,22,1128
978,Cameron Dale,1433,398,983,43,9
979,Sahil Dhiman,1431,0,0,0,1431
980,User Mode Linux Maintainers,1427,1018,329,14,66
981,Freexian Packaging Team,1412,139,586,101,586
982,Emmanuel Arias,1410,107,1187,48,68
983,Pdns Packagers,1410,673,290,29,418
984,Debian Qt-extras Maintainers,1408,584,729,95,0
985,Ralf Jung,1407,1278,126,3,0
986,Raúl Benencia,1396,156,1168,71,1
987,Lubomir Rintel,1389,276,991,121,1
988,Francesco Namuri,1376,239,1045,82,10
989,Punit Agrawal,1374,612,685,48,29
990,Dima Kogan,1367,130,1059,126,52
991,Mikolaj Izdebski,1346,138,1147,60,1
992,Antoni Villalonga,1345,434,879,32,0
993,Gustavo Soares De Lima,1337,223,1016,96,2
994,Jelmer Vernooĳ,1335,229,862,232,12
995,Enrico Rossi,1322,1063,250,9,0
996,Alexandre Viau,1321,158,1015,57,91
997,Philipp Matthias Hahn,1320,194,477,13,636
998,Arnaud Rebillout,1316,302,865,147,2
999,Erich Schubert,1314,53,836,31,394
1000,Thomas Perl,1307,471,711,125,0
1001,Dimitri Fontaine,1302,30,318,27,927
1002,Bas Zoetekouw,1301,118,1148,34,1
1003,Zim Package Maintainers,1300,521,691,88,0
1004,Tobias Klauser,1298,135,1127,35,1
1005,Raphaël Hertzog,1268,50,565,24,629
1006,Debian Tasktools Team,1258,305,880,72,1
1007,Knot Packagers,1258,390,509,204,155
1008,Mathieu Mirmont,1256,213,822,112,109
1009,Eugeniy Meshcheryakov,1249,0,0,0,1249
1010,Zed Pobre,1245,89,995,161,0
1011,Debian Backuppc Team,1243,1072,114,13,44
1012,Piuparts Developers Team,1243,121,1054,66,2
1013,Fritz Reichwald,1242,404,714,71,53
1014,Sven Eckelmann,1241,95,706,92,348
1015,Hubert Pham,1239,257,900,56,26
1016,Cfengine Team,1238,1145,66,24,3
1017,Marc Bigler,1234,142,954,138,0
1018,David Prévot,1216,71,632,56,457
1019,Rocm Team,1208,91,761,235,121
1020,Debian Bridges Team,1201,809,346,17,29
1021,Matthias Schmitz,1187,103,1024,49,11
1022,Robert Haist,1185,780,106,23,276
1023,Debian Fcgiwrap Maintainers,1176,771,387,18,0
1024,Geert Stappers,1176,511,643,22,0
1025,Sebastian Dröge,1176,99,1014,63,0
1026,Mathew Eis,1175,56,277,70,772
1027,Roland Clobus,1171,88,1035,47,1
1028,Evan Broder,1168,74,1044,49,1
1029,Chris Hofstaedtler,1167,149,670,20,328
1030,Francisco Vilmar Cardoso Ruviaro,1167,165,541,59,402
1031,Thomas Preud'homme,1167,92,821,27,227
1032,Goedson Teixeira Paixao,1159,253,837,69,0
1033,Stephen Gran,1157,107,1023,27,0
1034,David Lamparter,1130,519,327,103,181
1035,Adam Majer,1127,687,418,21,1
1036,Ludovico Cavedon,1121,304,399,45,373
1037,Angel Abad,1104,176,823,93,12
1038,Félix Sipma,1098,5,27,1,1065
1039,Joost Van Baal-ilić,1096,405,618,31,42
1040,Gunter Königsmann,1094,107,873,113,1
1041,The Debichem Group,1094,101,661,110,222
1042,Guo Yixuan,1091,89,968,34,0
1043,Benjamin Hof,1082,299,598,170,15
1044,Chris Lawrence,1081,72,641,93,275
1045,Youhei Sasaki,1081,105,653,55,268
1046,Android Tools Maintainer,1080,107,827,113,33
1047,Lars Bahner,1076,194,843,38,1
1048,Debian Mailman Team,1070,706,237,24,103
1049,Chrysostomos Nanakos,1062,97,915,44,6
1050,Gustavo Paniagua Dos Santos,1051,85,943,23,0
1051,Ross Burton,1042,68,902,72,0
1052,Santiago Garcia Mantinan,1041,98,927,14,2
1053,Russell Stuart,1037,409,365,33,230
1054,Alexis Murzeau,1034,118,654,232,30
1055,Gertjan Halkes,1018,165,738,109,6
1056,Hans Van Kranenburg,1009,113,747,61,88
1057,Stefano Karapetsas,1007,484,418,104,1
1058,Philipp Huebner,1001,142,787,46,26
1059,Neutron Soutmun,995,63,591,341,0
1060,Debian Ganeti Team,984,707,11,1,265
1061,Sascha Girrulat,974,126,646,174,28
1062,Benjamin Kaduk,973,533,369,17,54
1063,Rod Whitby,971,22,854,95,0
1064,Scott Hardin,971,84,825,62,0
1065,Jari Aalto,969,104,766,99,0
1066,Thomas Dreibholz,951,104,734,49,64
1067,Richard Hartmann,950,158,774,18,0
1068,Thomas Ross,949,322,582,45,0
1069,Wartan Hachaturow,946,50,109,13,774
1070,Florian Roscher,941,48,866,27,0
1071,Azat Khuzhin,936,119,736,45,36
1072,Michael Ablassmeier,933,153,738,42,0
1073,Varnish Package Maintainers,933,501,129,3,300
1074,Felix Krull,931,285,593,53,0
1075,Tobias Winchen,927,69,585,34,239
1076,Paulo Henrique De Lima Santana,919,137,682,100,0
1077,Vincent Sanders,913,68,352,88,405
1078,Johan Van De Wauw,911,108,684,47,72
1079,Pietro Battiston,897,301,581,15,0
1080,Debian Raspberry Pi Maintainers,895,37,828,27,3
1081,Sanford Rockowitz,889,386,378,39,86
1082,Debian Cloud,881,1,10,1,869
1083,Ben Hutchings,879,213,625,41,0
1084,David Kalnischkies,878,103,322,23,430
1085,Kunal Mehta,876,105,565,75,131
1086,Nicolas Bourdaud,875,319,403,28,125
1087,Daniele Adriana Goulart Lopes,872,72,756,44,0
1088,Jaimos Skriletz,871,275,564,32,0
1089,Debian Gnu Smalltalk Maintainers,868,79,535,6,248
1090,Carsten Leonhardt,856,115,709,32,0
1091,Julian Gilbey,850,100,706,23,21
1092,Luca Falavigna,849,217,535,97,0
1093,Thomas E. Dickey,849,61,671,117,0
1094,Aide Maintainers,848,728,90,25,5
1095,Kyle Robbertze,843,80,313,18,432
1096,Calogero Lo Leggio,841,352,470,19,0
1097,Debian Backupninja Maintainers,840,621,214,5,0
1098,Debian Sogo Maintainers,833,628,49,9,147
1099,Alessandro De Zorzi,830,74,731,19,6
1100,Matteo F. Vescovi,814,95,334,51,334
1101,José Gutiérrez De La Concha,813,366,245,16,186
1102,Jorge Salamero Sanz,810,50,752,8,0
1103,Rw Penney,808,625,160,23,0
1104,Debian Communitywlan Team,805,148,484,92,81
1105,Arno Töll,803,434,351,18,0
1106,Konstantinos Margaritis,799,0,10,3,786
1107,Alexis Bienvenüe,798,52,369,32,345
1108,Yadd,788,111,633,44,0
1109,Santiago Torres Batan,787,112,609,50,16
1110,Aniol Martí,786,105,498,51,132
1111,Raphael Mota Ramos,786,73,663,50,0
1112,Cacti Maintainer,783,606,160,14,3
1113,Stewart Ferguson,783,575,174,30,4
1114,Roman I Khimov,782,90,650,42,0
1115,Denys Berkovskyy,781,76,662,42,1
1116,Timo Weingärtner,780,191,105,9,475
1117,Athena Capital Research,773,27,679,25,42
1118,Marcin Kulisz,773,168,525,24,56
1119,Friedrich Beckmann,767,60,657,44,6
1120,Debian Drbd Maintainers,765,527,196,6,36
1121,Debian Multimedia Team,765,37,303,44,381
1122,Recai Oktas,757,0,0,0,757
1123,Aloïs Micard,756,66,653,29,8
1124,Andrew Lee,752,59,240,61,392
1125,Kevin M. Rosenberg,740,12,168,22,538
1126,Baptiste Beauplat,739,273,424,42,0
1127,Krzysztof Klimonda,738,189,520,29,0
1128,Jose Luis Blanco Claraco,731,13,233,91,394
1129,Sabino Par,729,112,575,42,0
1130,Pierre Rudloff,727,56,626,45,0
1131,Lucas Kanashiro,726,84,619,23,0
1132,Christian Seiler,722,243,404,13,62
1133,Erik Wenzel,721,417,297,7,0
1134,Debian Mir Team,720,87,131,68,434
1135,Ohura Makoto,720,60,412,13,235
1136,Hubert Chathi,719,40,342,10,327
1137,Leo Costela,719,27,349,10,333
1138,Transnexus,717,193,484,39,1
1139,David Da Silva Polverari,715,79,598,38,0
1140,Alexandre Dantas,709,53,637,19,0
1141,Debian Islamic Maintainers,707,88,565,35,19
1142,Debian Rocm Team,703,56,352,175,120
1143,Praveen Arimbrathodiyil,692,56,592,43,1
1144,Ralf Treinen,691,71,589,31,0
1145,Guinness,687,85,553,49,0
1146,Mats Erik Andersson,677,222,427,27,1
1147,Scupake,676,191,203,39,243
1148,Y Giridhar Appaji Nag,675,0,0,0,675
1149,Bruno Kleinert,674,37,101,25,511
1150,Pierre-elliott Bécue,673,237,398,38,0
1151,Łukasz 'sil2100' Zemczak,672,71,458,128,15
1152,Kamal Mostafa,670,66,511,20,73
1153,Giovanni Mascellani,669,64,563,36,6
1154,Luca Niccoli,669,84,570,12,3
1155,Alexandre Detiste,659,80,365,101,113
1156,Antonio Russo,657,0,0,0,657
1157,Matt Domsch,656,120,508,27,1
1158,Leo Antunes,652,147,497,8,0
1159,Sakirnth Nagarasa,652,94,390,156,12
1160,Andreas Noteng,648,129,490,29,0
1161,Eivind Naess,648,129,298,217,4
1162,Drew Parsons,647,75,535,31,6
1163,Gabriel Filion,647,370,263,13,1
1164,Dominic Hargreaves,644,233,401,10,0
1165,Noèl Köthe,642,0,0,0,642
1166,Tom Lee,642,76,371,61,134
1167,Bdale Garbee,638,71,450,36,81
1168,Andrey Rahmatullin,630,86,521,23,0
1169,Fab Stz,625,148,216,55,206
1170,Robert S. Edmonds,625,83,506,36,0
1171,Eddy Petrişor,619,0,0,0,619
1172,Shawn Sörbom,619,22,530,33,34
1173,Tomasz Rybak,617,66,425,113,13
1174,Tomaž Šolc,617,55,516,45,1
1175,Ondřej Nový,616,120,470,26,0
1176,Debian Lego Team,608,113,346,23,126
1177,Jerome Robert,608,78,494,36,0
1178,Ricardo Ribalda Delgado,608,73,410,125,0
1179,Peter Záhradník,606,68,521,17,0
1180,Kęstutis Biliūnas,605,0,0,0,605
1181,Pkg-go,605,34,135,11,425
1182,John Horigan,604,63,501,33,7
1183,Debian Ecosystem Init Diversity Team,599,405,58,15,121
1184,Mathias Ertl,599,191,375,33,0
1185,Javier Fernandez-sanguino Pen~a,598,96,456,13,33
1186,Dput-ng Maintainers,595,143,235,191,26
1187,Debian Kdump,592,271,306,15,0
1188,Thomas Gaugler,584,80,445,57,2
1189,Grml Team,583,58,465,38,22
1190,Alfonso Sabato Siciliano,581,10,0,0,571
1191,Debian Hebrew Team,580,0,0,0,580
1192,Debian Live,576,66,487,23,0
1193,Debian Gnukhata Team,572,0,0,0,572
1194,Bas Wijnen,571,62,385,110,14
1195,Uwe Kleine-könig,569,83,457,29,0
1196,Junichi Uekawa,565,90,462,9,4
1197,Frederic Peters,551,218,82,1,250
1198,Hleb Valoshka,550,43,479,28,0
1199,Brian Pellin,548,65,450,27,6
1200,Sven Wick,547,77,381,41,48
1201,Christoph Ender,543,31,500,8,4
1202,Jan Mojžíš,543,181,181,16,165
1203,Marcelo Soares Mota,540,47,480,12,1
1204,David Weinehall,538,41,426,32,39
1205,Jordan Justen,535,309,134,16,76
1206,Thomas Leonard,534,75,410,49,0
1207,Timur Birsh,533,0,0,0,533
1208,Debian Request Tracker Group,528,115,111,15,287
1209,Davical Development Team,520,209,239,15,57
1210,Göran Weinholt,520,24,282,7,207
1211,Jhon Alejandro Marin Rodriguez,520,64,418,37,1
1212,Rodolphe Pelloux-prayer,519,44,456,19,0
1213,Stanislav Maslovski,518,68,426,24,0
1214,Andreas Franzen,512,35,306,19,152
1215,Masayuki Hatta,506,202,282,8,14
1216,Carlos Henrique Lima Melara,503,15,63,8,417
1217,Fabio Tranchitella,500,84,403,12,1
1218,Lukas Schwaighofer,500,125,355,20,0
1219,Chris Carr,498,32,434,28,4
1220,Francisco M Neto,497,45,422,28,2
1221,David Johnson,496,51,402,41,2
1222,Stefan Kangas,491,170,300,21,0
1223,Roger Shimizu,490,250,229,11,0
1224,Hiroyuki Ito,489,4,129,29,327
1225,Evangelos Rigas,487,151,314,22,0
1226,David Mohr,486,297,182,6,1
1227,Florian Hinzmann,486,62,401,23,0
1228,Rene Mayorga,486,125,350,11,0
1229,Risko Gergely,486,39,440,7,0
1230,Alexander Ponyatykh,482,80,59,0,343
1231,Godfrey Chung,481,412,59,10,0
1232,Stephen Birch,481,33,420,27,1
1233,Mateusz Kijowski,480,56,373,22,29
1234,Diane Trout,478,58,312,107,1
1235,Ralph Lange,478,31,412,14,21
1236,Debian Netatalk Team,477,325,143,8,1
1237,Yuri D'elia,476,77,366,33,0
1238,Nick Andrik,475,47,100,5,323
1239,Harlan Lieberman-berg,474,130,266,25,53
1240,Mirek Kratochvil,474,65,378,31,0
1241,Patryk Cisek,471,162,258,21,30
1242,Stefan Tomanek,471,292,175,3,1
1243,Daniel Lintott,468,34,416,18,0
1244,Deepak Tripathi,466,149,286,31,0
1245,David Given,463,34,201,10,218
1246,Mikhail Kshevetskiy,463,35,412,16,0
1247,Elmar S. Heeb,461,225,223,13,0
1248,Mark Heily,461,6,258,7,190
1249,Petr Čech,460,21,174,3,262
1250,Rod Smith,459,36,374,49,0
1251,Steve Meliza,452,34,381,37,0
1252,Sophie Brun,451,67,313,42,29
1253,Marc Singer,449,224,216,8,1
1254,Francisco Manuel Garcia Claramonte,445,25,289,20,111
1255,Kokoye2007,445,57,313,32,43
1256,Sven Bartscher,445,38,384,18,5
1257,Alec Leamas,444,304,84,8,48
1258,Marcos Talau,443,56,288,69,30
1259,Daniel Leidert,442,58,370,11,3
1260,Fredrik Hallenberg,439,47,374,18,0
1261,Teemu Hukkanen,439,153,274,12,0
1262,Graham Williams,433,73,342,18,0
1263,Marc 'he' Brockschmidt,432,33,392,6,1
1264,Greg Horn,431,49,235,26,121
1265,Fabian Greffrath,430,46,369,14,1
1266,Moritz Muehlenhoff,420,141,261,18,0
1267,Ferenc Wágner,415,122,129,0,164
1268,Dave Holland,413,59,352,2,0
1269,Ruben Molina,412,3,0,0,409
1270,Cord Beermann,408,72,329,7,0
1271,Salvador Abreu,408,14,185,7,202
1272,Wilmer Van Der Gaast,405,285,110,3,7
1273,Vince Mulhollon,404,34,364,5,1
1274,Antonin Kral,402,58,325,19,0
1275,Andreas Barth,401,61,335,5,0
1276,Pdns-recursor Packagers,401,282,115,4,0
1277,Debian Graphite Group,400,302,92,6,0
1278,Eric Heintzmann,399,76,282,41,0
1279,Debian Surfraw Maintainers,394,62,315,17,0
1280,Ryan Pavlik,394,54,178,30,132
1281,Lisandro Damián Nicanor Pérez Meyer,393,84,294,15,0
1282,Alvin Chen,391,53,169,84,85
1283,Ricardo Fraile,391,219,169,3,0
1284,Joachim Zobel,390,5,58,10,317
1285,Rodrigo Carvalho,389,37,344,8,0
1286,Patrick O'doherty,388,104,257,27,0
1287,Debian Shishi Team,387,32,226,6,123
1288,Jose Parrella,386,46,334,6,0
1289,Ilyas Gasanov,384,0,0,0,384
1290,David Nusinow,383,51,309,23,0
1291,Steffen Moeller,383,32,229,9,113
1292,Nick Black,381,19,188,104,70
1293,Josue Abarca,380,29,338,13,0
1294,Thadeu Lima De Souza Cascardo,379,53,303,14,9
1295,Arnaud Fontaine,377,54,235,20,68
1296,Murat Demirten,377,0,0,0,377
1297,Fc Stegerman,373,42,293,38,0
1298,Kea,373,247,52,26,48
1299,Sebastian Geiger,371,163,202,6,0
1300,Ben Westover,369,85,138,99,47
1301,Rafael Laboissière,369,39,273,15,42
1302,Sebastian Parschauer,369,68,273,28,0
1303,Iain Lane,367,0,0,0,367
1304,Mathias Gibbens,366,24,180,92,70
1305,Richard Ulrich,365,48,294,18,5
1306,Michael Jeanson,364,230,114,9,11
1307,David Villa Alises,363,19,330,12,2
1308,Gabor Karsay,361,106,215,22,18
1309,Ivo De Decker,359,327,8,24,0
1310,Octavio Alvarez,357,53,285,19,0
1311,Andrew Caudwell,356,26,317,13,0
1312,Gnu/kfreebsd Maintainers,356,58,200,8,90
1313,Arturo Borrero Gonzalez,354,33,285,33,3
1314,Brandon Holtsclaw,351,95,236,19,1
1315,Davide Puricelli,351,49,289,12,1
1316,Marc Pavot,349,50,284,10,5
1317,Takaya Yamashita,347,57,209,8,73
1318,Alan Baghumian,346,0,108,14,224
1319,James Troup,345,46,289,10,0
1320,Robin Naundorf,345,50,277,18,0
1321,Elie Roux,344,18,315,11,0
1322,Jonas Genannt,341,31,298,12,0
1323,Andy Li,340,34,260,35,11
1324,Ximin Luo,339,28,194,8,109
1325,Edward Betts,337,2,14,0,321
1326,Xiangfu Liu,336,25,308,3,0
1327,Debian Emacs Addons Team,335,53,175,6,101
1328,Xavier Lüthi,335,40,282,13,0
1329,Yukiharu Yabuki,335,6,103,3,223
1330,Debian Multimedia Packages Maintainers,333,19,283,31,0
1331,Debian Tcl/tk Team,333,85,213,11,24
1332,Lucas De Castro Borges,333,52,275,6,0
1333,Simon Horman,333,64,257,2,10
1334,Thiago Pezzo,332,50,258,24,0
1335,Ansgar Burchardt,331,30,287,13,1
1336,Jeremy Stanley,331,21,139,7,164
1337,Jose Luis Rivero,330,130,162,20,18
1338,Mohammed Sameer,330,42,280,8,0
1339,Lenart Janos,329,43,275,11,0
1340,Dominik Szmek,328,32,280,16,0
1341,Judit Foglszinger,328,34,279,15,0
1342,Willem Vermin,328,24,289,15,0
1343,Jakub Ružička,326,195,84,8,39
1344,Teckids Debian Task Force,326,16,308,2,0
1345,Alessandro Grassi,325,102,174,49,0
1346,Getdns Packagers,325,199,121,1,4
1347,Andrea Bolognani,324,49,228,25,22
1348,Evgeny Golyshev,323,44,262,17,0
1349,Jordi Sayol,322,33,281,8,0
1350,Lucas Nussbaum,322,16,129,8,169
1351,Michael Gilbert,321,28,95,3,195
1352,Adrien Vergé,319,103,189,27,0
1353,Jakub Adam,319,39,261,19,0
1354,Roberto C. Sanchez,319,46,161,11,101
1355,Chris Boyle,317,24,279,14,0
1356,Moritz Schlarb,317,248,54,9,6
1357,Amin Bandali,315,34,16,2,263
1358,Tomasz Nitecki,315,218,96,1,0
1359,Debian Xrdesktop Team,313,12,84,2,215
1360,Michael Shuler,311,45,259,7,0
1361,Internet Measurement Packaging Team,307,63,211,31,2
1362,Jerome Lebleu,307,251,49,7,0
1363,Debian Dokuwiki Team,305,138,162,5,0
1364,Niklas Fiekas,302,28,263,11,0
1365,Bernd Schubert,299,39,254,6,0
1366,Colin Tuckley,297,28,259,9,1
1367,Oxan Van Leeuwen,297,258,37,2,0
1368,Wolfgang Silbermayr,296,44,234,18,0
1369,Pedro Loami Barbosa Dos Santos,294,48,226,19,1
1370,Prach Pongpanich,294,241,53,0,0
1371,Cyril Brulebois,292,277,10,5,0
1372,Håkon Nessjøen,292,29,258,5,0
1373,José Antonio Jiménez Madrid,292,50,220,22,0
1374,Debian Privacy Maintainers,291,86,187,18,0
1375,Gao Xiang,291,34,222,35,0
1376,Michel Alexandre Salim,291,110,130,43,8
1377,Eric Desrochers,288,90,176,20,2
1378,Tim Cutts,287,29,251,7,0
1379,Loic Dachary,286,117,17,4,148
1380,Roman Dubtsov,286,73,199,14,0
1381,Andrew Ayer,285,57,213,15,0
1382,Simtec Electronics,285,234,50,1,0
1383,Matthias Urlichs,283,53,190,40,0
1384,Tzafrir Cohen,283,62,104,20,97
1385,Jonathan Mcdowell,282,46,210,16,10
1386,Norman Messtorff,280,86,189,5,0
1387,Frank Neuber,279,206,70,3,0
1388,Phillip Berndt,279,59,207,13,0
1389,Sruthi Chandran,278,6,0,0,272
1390,Axel Burri,276,105,161,10,0
1391,Bernhard Übelacker,273,33,215,25,0
1392,Katharina Drexel,272,50,179,43,0
1393,Leandro Cunha,272,23,13,6,230
1394,Marcus Better,271,15,251,5,0
1395,Max Vozeler,270,40,218,12,0
1396,David Kunz,269,102,155,7,5
1397,Jacob Adams,269,205,56,8,0
1398,Sven Joachim,266,9,54,5,198
1399,Mozilla Extension Packaging Team,265,0,0,0,265
1400,Paolo Rotolo,265,71,91,23,80
1401,Roman Ondráček,264,101,103,16,44
1402,Yao-po Wang,263,72,176,15,0
1403,Andre Bianchi,262,47,184,17,14
1404,Eugene Paskevich,262,69,178,9,6
1405,Tommi Höynälänmaa,262,4,59,11,188
1406,Debian Tasktools Packaging Team,260,67,185,7,1
1407,Norbert Veber,260,90,158,12,0
1408,Sebastian Schmidt,260,42,208,10,0
1409,Ben Burton,259,7,116,8,128
1410,Brice Goglin,257,31,222,4,0
1411,Epoptes Developers,257,219,32,6,0
1412,Francesco Aloe,257,12,229,16,0
1413,Philippe Deniel,257,76,46,6,129
1414,Aymeric Agon-rambosson,255,33,209,13,0
1415,Roland Gruber,255,57,159,9,30
1416,Étienne Mollier,254,33,209,12,0
1417,Benjamin Mesing,252,33,207,12,0
1418,Debian Bazel Team,252,22,185,14,31
1419,Eric Shattow,251,78,156,17,0
1420,Riccardo Stagni,251,26,208,16,1
1421,Andree Leidenfrost,250,11,224,14,1
1422,Michele Martone,250,38,196,16,0
1423,Linux Block Storage Team,249,31,210,8,0
1424,Olivier Girondel,249,11,110,6,122
1425,Nicolas Bonnefon,248,48,196,4,0
1426,Eike Sauer,247,66,159,22,0
1427,Michael Schutte,247,29,210,7,1
1428,Adi Zaimi,245,126,110,9,0
1429,Debian Publicity Team,243,0,0,0,243
1430,Joseph Herlant,242,28,203,5,6
1431,Debian-med Packaging Team,241,5,229,5,2
1432,Lluís Vilanova,239,18,96,27,98
1433,Sergey Suslov,239,38,191,10,0
1434,Simon Désaulniers,238,50,170,18,0
1435,Micheal Waltz,236,19,208,9,0
1436,Tz-huan Huang,236,21,79,8,128
1437,Sergio Durigan Junior,233,27,68,100,38
1438,Linuxcnc Developers,232,70,68,14,80
1439,Alf Gaida,230,75,135,20,0
1440,Abdelhakim Qbaich,228,7,205,16,0
1441,Debian Documentation Project,228,0,0,0,228
1442,Rémi Duraffort,228,28,198,2,0
1443,Debian Lio Target Packagers,227,47,174,6,0
1444,Adam Bilbrough,226,27,187,12,0
1445,Arnaud Ferraris,225,15,117,8,85
1446,Simple-cdd Developers,224,32,178,14,0
1447,Tous,224,0,0,0,224
1448,Alexandre J. Raymond,222,83,135,4,0
1449,Tiago Ilieve,222,17,204,1,0
1450,Sébastien Noel,220,23,189,8,0
1451,Sjoerd Simons,217,104,101,12,0
1452,Giacomo Catenazzi,216,20,185,11,0
1453,Kurt Kremitzki,216,128,85,3,0
1454,Jonathan,215,43,0,2,170
1455,Chris Kuehl,214,54,99,60,1
1456,Anja Boskovic,212,27,178,7,0
1457,Povilas Kanapickas,212,11,149,6,46
1458,Markus Demleitner,211,20,177,14,0
1459,Jordan Metzmeier,210,30,180,0,0
1460,Massimo Manghi,208,77,89,1,41
1461,Krzysztof Aleksander Pyrkosz,206,41,159,6,0
1462,Matthew Palmer,205,13,164,28,0
1463,Mehdi Dogguy,204,102,96,6,0
1464,Openrc Debian Maintainers,204,38,29,6,131
1465,Jeremy Lainé,202,12,140,13,37
1466,Beren Minor,201,0,177,8,16
1467,Orestis Ioannou,200,112,70,10,8
1468,Eugene Seliverstov,198,15,137,5,41
1469,Per Andersson,198,0,0,0,198
1470,Steve Langasek,198,13,19,0,166
1471,Braulio Henrique Marques Souto,197,36,137,24,0
1472,Devid Antonio Filoni,194,7,181,6,0
1473,Giulio Paci,194,32,154,4,4
1474,Paulo Vital,192,136,45,6,5
1475,Alen Zekulic,191,31,129,13,18
1476,Debian Cgit Maintainers,189,61,122,6,0
1477,Matthew Harm Bekkema,188,20,164,4,0
1478,Alberto Fuentes,187,7,174,6,0
1479,Matt Zagrabelny,186,24,158,4,0
1480,Wolfgang Fuetterer,186,11,167,8,0
1481,Benda Xu,185,100,71,6,8
1482,Matthias Geiger,185,82,86,13,4
1483,David Rabel,184,1,2,0,181
1484,Debian Mactel,184,117,58,4,5
1485,John Wright,184,12,164,8,0
1486,Balasankar C,183,0,0,0,183
1487,Connor Imes,183,16,156,10,1
1488,Ma Aiguo,183,7,30,17,129
1489,Micah Anderson,183,1,45,2,135
1490,Anarchism Maintainers,182,0,0,0,182
1491,Brandon Barnes,182,13,163,6,0
1492,Debian Ace Maintainers,180,10,132,13,25
1493,Lorenzo De Liso,180,24,147,9,0
1494,Jacob Luna Lundberg,179,14,163,2,0
1495,Lu Yaning,179,13,7,0,159
1496,Sam Protsenko,179,5,75,1,98
1497,Regis Fernandes Gontijo,178,18,157,2,1
1498,Emmanuel Quemener,175,11,150,14,0
1499,Filippo Rusconi,175,11,156,8,0
1500,Lasse Flygenring-harrsen,175,44,110,21,0
1501,Mika Matsuzaki,175,69,98,8,0
1502,Vitor Augusto,175,120,45,10,0
1503,Anders Lennartsson,174,22,148,4,0
1504,Jan Niehusmann,173,31,105,4,33
1505,Arne Wichmann,172,22,147,3,0
1506,Simon Tatham,172,17,139,15,1
1507,Alexander Inyukhin,170,39,130,1,0
1508,Cyril Bouthors,170,40,121,8,1
1509,Debian Bats Team,170,18,127,25,0
1510,Robert James Clay,170,21,65,2,82
1511,S. 7,170,36,105,29,0
1512,Manu Garg,168,106,55,7,0
1513,Daniel E. Markle,167,15,147,5,0
1514,Andrew Gainer,166,51,114,1,0
1515,Daniel Borkmann,165,30,123,12,0
1516,Ondřej Tůma,165,32,129,3,1
1517,Philippe Coval,165,23,127,15,0
1518,Dan Hasting,163,9,148,6,0
1519,Thiago Marques Siqueira,162,3,47,2,110
1520,Julien Palard,161,17,140,4,0
1521,Rico Sennrich,161,0,84,0,77
1522,Tino Mettler,161,24,100,10,27
1523,Fusiondirectory Packagers,160,17,138,5,0
1524,Philippe Thierry,160,38,110,12,0
1525,Jozsef Nagy,159,12,136,11,0
1526,Adam Sloboda,158,72,81,5,0
1527,Jan Jeroným Zvánovec,158,8,136,14,0
1528,Simon Spöhel,158,12,141,5,0
1529,Tong Sun,158,14,137,7,0
1530,Debian Gss Team,157,8,77,4,68
1531,Sebastien Chavaux,157,6,145,6,0
1532,Thaddeus H. Black,157,18,52,2,85
1533,Breno Leitao,156,25,35,1,95
1534,Esteban Bosse,156,21,119,16,0
1535,Christoph Goehre,155,30,120,5,0
1536,Norbert Schlia,155,21,117,17,0
1537,Andre Noll,154,4,96,4,50
1538,Raphael Geissert,154,19,128,7,0
1539,Hanno Stock,153,0,4,0,149
1540,Mattias Nordstrom,153,17,132,4,0
1541,Simon Wunderlich,152,13,136,0,3
1542,Matija Nalis,151,2,136,12,1
1543,Mike Hommey,151,5,140,5,1
1544,Aristo Chen,150,18,131,1,0
1545,Kun-hung Tsai,150,40,77,20,13
1546,Arthur Diniz,149,15,132,2,0
1547,Dave Vehrs,149,42,104,2,1
1548,John R. Hogerhuis,148,15,128,5,0
1549,Paul Mcenery,146,116,27,2,1
1550,Debian Sympa Team,145,69,75,1,0
1551,Sisu Project,145,13,110,4,18
1552,Clint Byrum,143,20,73,5,45
1553,Jan-hendrik Peters,143,0,3,0,140
1554,Jochen Friedrich,142,32,102,8,0
1555,Nsd Packagers,141,124,16,0,1
1556,Jameson Graef Rollins,140,24,115,1,0
1557,Maxime Werlen,140,66,70,4,0
1558,Johann Elsass,139,23,108,8,0
1559,Jan Wagner,134,38,95,1,0
1560,Jyrki Pulliainen,134,18,112,4,0
1561,Ognyan Kulev,133,23,106,4,0
1562,Tommi Vainikainen,132,14,115,0,3
1563,Christian Stalp,131,15,81,35,0
1564,Fukui Daichi,131,14,96,19,2
1565,Gregory Potamianos,131,81,50,0,0
1566,Nigel Kukard,131,28,96,7,0
1567,bug,131,6,120,5,0
1568,Adam Cecile,130,30,92,8,0
1569,Chris Leishman,130,4,119,2,5
1570,Moein Alinaghian,130,35,82,13,0
1571,Moshe Piekarski,130,12,115,3,0
1572,Raphael Medaer,130,0,0,0,130
1573,Danny Edel,129,12,115,2,0
1574,Zlatan Todoric,129,14,114,1,0
1575,Daigo Moriwaki,128,33,94,1,0
1576,Pierre Neyron,128,30,62,6,30
1577,Htcondor Developers,127,98,13,1,15
1578,Hwei Sheng Teoh,127,6,119,2,0
1579,Anton Balashov,126,6,114,6,0
1580,Benoît Rouits,126,14,108,4,0
1581,Debian Mongodb Maintainers,126,4,102,8,12
1582,Rene Weber,125,27,92,5,1
1583,Taylor Lemasurier-wren,125,17,105,3,0
1584,Akbarkhon Variskhanov,124,8,0,0,116
1585,Andrew Ross,124,9,54,5,56
1586,Werner Detter,124,34,88,2,0
1587,Gnu Hurd Maintainers,123,10,23,8,82
1588,Matt Brown,123,36,74,4,9
1589,Josselin Mouette,122,0,0,0,122
1590,Debian Rsbackup Maintainers,120,102,18,0,0
1591,Michael Vetter,120,9,101,10,0
1592,Ana Beatriz Guerrero Lopez,119,5,106,8,0
1593,Christian Metscher,119,28,85,6,0
1594,Debian Ltsp Maintainers,119,91,21,7,0
1595,Dmitry Bogatov,119,20,93,3,3
1596,Alexander Prinsier,118,19,95,4,0
1597,Julien Puydt,118,25,91,2,0
1598,Debathena Project,116,11,99,3,3
1599,Denis Briand,116,9,103,3,1
1600,Knot-resolver Packagers,116,63,44,6,3
1601,Adrien Cunin,115,26,73,8,8
1602,David Bannon,114,43,65,6,0
1603,Cédric Barboiron,113,15,39,1,58
1604,Héctor García Álvarez,113,26,82,5,0
1605,Kai Wasserbäch,113,19,29,1,64
1606,Sebastian Bator,113,3,0,0,110
1607,Steve Greenland,113,10,98,5,0
1608,Vincent Fourmond,112,7,103,2,0
1609,Clay Stan,111,19,40,52,0
1610,Fernando Seiti Furusato,111,16,27,6,62
1611,Filip Strömbäck,110,8,44,50,8
1612,Andrew Shadura,109,11,57,4,37
1613,Alexander Holupirek,108,10,92,6,0
1614,Sylvain Beucler,108,9,97,2,0
1615,Yao Wei,108,7,98,3,0
1616,Anthony Perkins,107,75,31,1,0
1617,David Hart,107,19,76,12,0
1618,Stéphane Glondu,107,46,56,4,1
1619,Geoffroy Youri Berret,106,63,37,6,0
1620,Markus Teich,106,49,55,2,0
1621,Andreas Schwarz,105,14,90,1,0
1622,Chen-ying Kuo,105,26,72,7,0
1623,Tomasz Muras,104,0,0,0,104
1624,Victor Westerhuis,104,32,56,16,0
1625,Anselm Lingnau,103,10,90,3,0
1626,Julien Muchembled,103,42,58,3,0
1627,Stephan Sürken,103,20,64,12,7
1628,Wences Arana,103,25,76,2,0
1629,Tomasz Mrugalski,101,19,31,4,47
1630,Unrardll Maintainer Team,101,10,83,8,0
1631,Bernd Schumacher,100,72,24,0,4
1632,Shane Mcdonald,100,1,95,4,0
1633,Mikael Djurfeldt,99,25,68,4,2
1634,Gavin Lai,97,12,84,1,0
1635,Hannes Von Haugwitz,96,22,68,6,0
1636,Rodrigo Siqueira,96,9,65,2,20
1637,Debian Scheme Dream Team,95,12,71,4,8
1638,Alex Muntada,94,16,67,10,1
1639,Sarah Coudert,94,5,82,7,0
1640,Alessio Garzi,93,11,73,9,0
1641,Corentin Labbe,93,23,61,9,0
1642,Scratch,93,1,0,0,92
1643,Benoit Mortier,92,26,62,4,0
1644,Dnsdist Packagers,92,71,20,1,0
1645,Daniel Schaal,91,14,74,2,1
1646,Debian Mon Maintainers,91,74,16,1,0
1647,Debian Quantstack Team,91,2,4,0,85
1648,Dmitrijs Ledkovs,91,6,84,1,0
1649,Ivan Marov,91,5,82,4,0
1650,Pkg-raspi,91,2,82,7,0
1651,John Hedges,90,6,84,0,0
1652,Matthieu Baerts,90,38,27,14,11
1653,Tomas Pospisek,90,8,72,10,0
1654,Adam Michal Ziaja,89,0,0,0,89
1655,Eduardo M Kalinowski,89,6,73,4,6
1656,Laurent Guignard,89,18,70,1,0
1657,Robin Gustafsson,89,12,67,10,0
1658,Johannes Hubertz,88,7,52,0,29
1659,Paul Cannon,88,26,59,3,0
1660,Stig Sandbeck Mathisen,88,31,56,1,0
1661,Debian Fcoe Maintainers,87,70,17,0,0
1662,Dima Barsky,87,12,75,0,0
1663,Dmitry Ilyich Sidorov,87,11,64,12,0
1664,Roman Tsisyk,87,37,49,1,0
1665,Mandos Maintainers,86,52,33,1,0
1666,Mario Joussen,86,0,0,0,86
1667,Sérgio Benjamim,86,0,1,0,85
1668,Bastiaan Franciscus Van Den Dikkenberg,85,0,28,0,57
1669,Kay Hayen,85,6,72,7,0
1670,Paul Martin,85,0,0,0,85
1671,Aurélien Couderc,84,12,0,1,71
1672,Kees Leune,84,12,71,1,0
1673,Olof Johansson,84,4,76,4,0
1674,Samuel Mimram,84,5,76,3,0
1675,Guido Van Steen,83,21,59,3,0
1676,Mayco Souza Berghetti,83,1,82,0,0
1677,Paul Bame,83,7,73,3,0
1678,Debian Qt Extras Maintainers,82,10,71,1,0
1679,Enrico Zini,82,12,48,5,17
1680,Stephen Rhodes,82,14,52,15,1
1681,Marcelo Jorge Vieira,81,4,69,4,4
1682,Debian Lava Team,80,39,28,8,5
1683,Dirk Huenniger,80,12,67,1,0
1684,John Zaitseff,80,2,70,8,0
1685,Bradley A. Bosch,79,12,67,0,0
1686,Cameron Hart,79,4,75,0,0
1687,Martin Budaj,79,6,57,6,10
1688,Amaya Rodrigo Sastre,78,19,57,2,0
1689,Donncha O'cearbhaill,78,5,42,31,0
1690,Jaime Robles,78,5,68,5,0
1691,Jo Shields,78,7,58,9,4
1692,Szalay Attila,78,12,54,12,0
1693,Vladimir Vassilev,78,3,44,28,3
1694,Alexandru Mihail,77,34,43,0,0
1695,Frank Terbeck,77,20,52,5,0
1696,Shih-yuan Lee,77,52,22,3,0
1697,David Watson,76,43,33,0,0
1698,Mechtilde Stehmann,76,23,50,3,0
1699,James Damour,75,2,70,3,0
1700,Libloc Maintainers,75,27,12,4,32
1701,Qinxialei,75,4,55,16,0
1702,Jan Hauke Rahm,74,10,58,6,0
1703,Carsten Hey,73,16,57,0,0
1704,Jeroen Van Aart,73,1,0,0,72
1705,Manuel Traut,73,2,26,20,25
1706,Jérôme Charaoui,72,16,54,2,0
1707,Dimitar Ivanov,71,8,60,3,0
1708,Freddy Spierenburg,71,5,64,2,0
1709,Jacob Barthelmeh,71,8,62,0,1
1710,John Lines,70,15,48,7,0
1711,Debian Cross-toolchain Team,69,3,61,5,0
1712,Itd,69,15,49,5,0
1713,Nathan Sr,69,12,54,3,0
1714,John Morrissey,68,49,19,0,0
1715,Vifly,68,7,61,0,0
1716,Luca Bigliardi,67,4,57,6,0
1717,Steven Schubiger,66,7,55,4,0
1718,Federico Gimenez Nieto,65,8,57,0,0
1719,Hannes Matuschek,65,50,9,4,2
1720,Jean-christophe Dubacq,65,7,57,1,0
1721,Malik Mlitat,65,6,53,6,0
1722,Stanislas Marquis,65,0,13,0,52
1723,Changwoo Ryu,64,0,0,0,64
1724,Debian Design Team,64,3,45,8,8
1725,Jian-ding Chen,64,7,51,6,0
1726,Michael Zahniser,64,0,0,0,64
1727,Pierre Mavro,64,24,39,1,0
1728,Alexander Bürger,63,7,52,4,0
1729,Lin Qigang,63,9,49,5,0
1730,Mario Stephan,63,4,57,2,0
1731,Roland Mas,63,12,46,0,5
1732,Romanella Di Ferdinando,63,4,56,3,0
1733,Antonio Ospite,62,23,32,2,5
1734,Martin Stigge,62,17,43,2,0
1735,Sergiusz Pawlowicz,62,53,9,0,0
1736,Yauheni Kaliuta,62,11,51,0,0
1737,Conserver Maintainers,61,28,33,0,0
1738,Federico Brega,61,5,23,1,32
1739,Francois-rene Rideau,61,2,59,0,0
1740,Jeremy Oden,61,9,45,7,0
1741,Andrzej Urbaniak,60,1,57,2,0
1742,Debian Mirror Team,60,21,34,5,0
1743,Fernando Tarlá Cardoso Lemos,60,8,52,0,0
1744,Filippo Giunchedi,60,50,9,1,0
1745,Jonas Schäfer,60,6,46,1,7
1746,Kilian Krause,59,20,39,0,0
1747,Kitware Debian Maintainers,59,11,43,5,0
1748,Sam Reed,59,13,40,6,0
1749,Patrick Uiterwijk,58,27,31,0,0
1750,Peymaneh,58,28,29,1,0
1751,Debian Java Mailing List,57,0,0,0,57
1752,Ifupdown Ng Maintainers,57,27,29,1,0
1753,Jose Antonio Quevedo Muñoz,57,7,49,1,0
1754,Juan Angulo Moreno,57,4,51,2,0
1755,Matthew Danish,57,2,14,1,40
1756,Noel David Torres Taño,57,0,0,0,57
1757,Paul Hedderly,57,2,55,0,0
1758,Raoul Gunnar Borenius,57,5,48,0,4
1759,Sergio Talens-oliag,57,7,47,3,0
1760,Sergio Oller,56,0,0,0,56
1761,Aggelos Avgerinos,55,7,47,1,0
1762,Etienne Dublé,55,10,43,2,0
1763,Jaroslav Imrich,55,33,21,1,0
1764,Lazarus Long,55,8,47,0,0
1765,Nicholas Robinson-wall,55,8,46,1,0
1766,Silvio Rhatto,55,13,42,0,0
1767,Tsuchiya Masatoshi,55,2,26,0,27
1768,Vincent Prat,55,3,45,5,2
1769,Danial Behzadi,54,17,18,19,0
1770,Dennis Van Dok,54,3,38,0,13
1771,James Hunt,54,6,48,0,0
1772,Alexandre Ratchov,53,7,45,1,0
1773,Noblenote Developers,53,9,43,1,0
1774,Dann Frazier,52,9,43,0,0
1775,Jonathan Ulrich Horn,52,4,43,4,1
1776,Markus Schulz,52,3,49,0,0
1777,Thomas Dettbarn,51,2,47,2,0
1778,Zorian Medwid,51,4,45,2,0
1779,Andrew Ruthven,50,38,10,1,1
1780,Mario Lang,50,19,27,4,0
1781,Erinn Clark,49,4,43,2,0
1782,Ganael Laplanche,49,5,41,3,0
1783,Giraffe Maintainers,49,2,4,0,43
1784,Pierre Gruet,49,0,41,8,0
1785,Vincent Hobeïka,49,1,47,1,0
1786,Michael R. Crusoe,48,8,39,1,0
1787,Scott Leggett,48,2,46,0,0
1788,Timo Lindfors,48,0,2,0,46
1789,Wesley W. Terpstra,48,23,21,0,4
1790,Bill Macallister,47,16,10,2,19
1791,Debian Libreoffice Maintaners,47,0,2,0,45
1792,Ju Xor,47,13,34,0,0
1793,Marco Balmer,47,5,40,2,0
1794,Yann Amar,47,28,14,0,5
1795,Mark Hymers,46,28,16,2,0
1796,Michal Suchanek,46,6,37,3,0
1797,Tim Schumacher,46,11,35,0,0
1798,Andreas Warnke,45,6,35,4,0
1799,Cesar Mauri,45,8,34,3,0
1800,Emfox Zhou,45,5,37,3,0
1801,Gergely Pilisi,45,6,35,4,0
1802,Kristóf Ralovich,45,38,7,0,0
1803,Gaudenz Steinlin,44,6,36,2,0
1804,Philipp Hug,44,4,38,2,0
1805,Ruben Pollan,44,12,28,0,4
1806,Shaya Potter,43,8,33,2,0
1807,Alberto Capella Silva,42,10,31,1,0
1808,Eric Evans,42,5,35,2,0
1809,Jan Wedekind,42,9,22,11,0
1810,Marcus Hardt,42,18,16,1,7
1811,Mario Izquierdo,42,7,33,2,0
1812,Edgar Antonio Palma De La Cruz,41,1,40,0,0
1813,Jimmy Kaplowitz,41,4,35,2,0
1814,Marc Ferland,41,10,27,2,2
1815,"""steinar H. Gunderson""",40,0,0,0,40
1816,Benjamin Eikel,40,5,33,2,0
1817,Ignace Mouzannar,40,20,20,0,0
1818,Jaakko Niemi,40,21,18,1,0
1819,Jool Team,40,15,23,2,0
1820,Helmut Grohne,39,7,27,5,0
1821,Nathan Osman,39,1,8,3,27
1822,Chris J Arges,38,7,30,1,0
1823,Debian Mactel Team,38,30,3,5,0
1824,Laokz,38,9,29,0,0
1825,Thomas Stewart,38,7,3,0,28
1826,Dnssec-trigger Packagers,37,35,2,0,0
1827,Emmanuel Thomas-maurin,37,5,32,0,0
1828,Mark W. Eichin,37,6,30,1,0
1829,Nathan Handler,37,16,21,0,0
1830,Stefan Van Der Walt,37,13,24,0,0
1831,Alexandre Raymond,36,19,17,0,0
1832,Darshaka Pathirana,36,26,8,1,1
1833,Gastón Ramos,36,8,26,2,0
1834,Kacper Wysocki,36,5,31,0,0
1835,Stephen Dennis,36,4,31,1,0
1836,Aaron Boxer,35,0,30,2,3
1837,"Barbara ""jana"" Wisniowska",35,0,0,0,35
1838,Brandon L Griffith,35,13,18,4,0
1839,Eric Madesclair,35,6,28,1,0
1840,Malcolm Locke,35,1,33,1,0
1841,Víctor Cuadrado Juan,35,4,31,0,0
1842,Bartek Fabiszewski,34,6,28,0,0
1843,Calum Mcconnell,34,0,32,2,0
1844,Dara Adib,34,15,6,4,9
1845,Gilmar Dos Reis Queiroz,34,14,8,0,12
1846,Joan Lledó,34,7,22,2,3
1847,Kienan Stewart,34,2,31,1,0
1848,Loïc Minier,34,18,14,2,0
1849,Matthias Klein,34,14,16,2,2
1850,Lucas Albuquerque Medeiros De Moura,33,4,28,1,0
1851,Mohammad Ebrahim Mohammadi Panah,33,2,30,1,0
1852,Christopher Obbard,32,18,13,1,0
1853,In-toto Developers,32,3,25,4,0
1854,Mirco Bauer,32,0,0,0,32
1855,Roberto C. Sánchez,32,9,23,0,0
1856,Steve Kemp,32,4,26,2,0
1857,Adrià García-alzórriz,31,2,26,3,0
1858,Artyom A Anikeev,31,8,23,0,0
1859,Daniel Pimentel,31,5,24,2,0
1860,Philippe Mathieu-daudé,31,7,22,2,0
1861,Reto Buerki,31,0,0,0,31
1862,Casper Gielen,30,3,25,2,0
1863,Greaterfire,30,15,12,3,0
1864,Jakub Nadolny,30,7,22,1,0
1865,Jerome St-louis,30,0,15,0,15
1866,Kevin Wu,30,6,23,1,0
1867,Martin Peylo,30,2,26,2,0
1868,Zygmunt Krynicki,30,0,15,5,10
1869,Daniel Gröber,29,5,23,1,0
1870,Ishikawa Mutsumi,29,0,0,0,29
1871,Jack Bates,29,3,26,0,0
1872,Jaldhar H. Vyas,29,4,25,0,0
1873,Julien Danjou,29,22,6,0,1
1874,Monty Taylor,29,0,8,0,21
1875,Siegfried-angel Gevatter Pujals,29,4,25,0,0
1876,Vincent Smeets,29,0,27,2,0
1877,Debian Xilinx Package Maintainers,28,1,8,0,19
1878,Jack Henschel,28,2,25,1,0
1879,Marc Dietrich,28,3,22,3,0
1880,Nicola Di Lieto,28,12,15,1,0
1881,Abhishek Dasgupta,27,3,24,0,0
1882,Adam Saponara,27,2,25,0,0
1883,Alex Pennace,27,8,17,2,0
1884,Andrew Mcmillan,27,20,6,1,0
1885,Araki Yasuhiro,27,5,22,0,0
1886,Carl Chenet,27,9,18,0,0
1887,Kristof Ralovich,27,4,23,0,0
1888,Victor Raphael Santos Souza,27,5,18,4,0
1889,Debbugs Developers,25,7,15,3,0
1890,Debian Ippl Maintainers,25,17,7,1,0
1891,Erik Vetters,25,6,17,2,0
1892,Michael Lustfield,25,2,22,1,0
1893,Picca Frédéric-emmanuel,25,2,16,0,7
1894,Takuo Kitame,25,5,20,0,0
1895,Thierry Randrianiriana,25,7,18,0,0
1896,Charles Plessy,24,13,11,0,0
1897,Christoph Schmidt-hieber,24,3,21,0,0
1898,Georgy Komarov,24,4,16,2,2
1899,Jakub Nowacki,24,2,22,0,0
1900,Nicolas Braud-santoni,24,0,15,1,8
1901,Piotr Roszatycki,24,21,0,0,3
1902,Tobias Heider,24,2,19,3,0
1903,Yulun Shih,24,8,14,2,0
1904,Antono Vasiljev,23,2,20,1,0
1905,Brandon Weeks,23,1,21,1,0
1906,Christian Bayle,23,0,9,2,12
1907,Eva Ramon Salinas,23,3,20,0,0
1908,G. Branden Robinson,23,4,19,0,0
1909,Jean Baptiste Favre,23,13,10,0,0
1910,Kevin Zambrano,23,4,19,0,0
1911,Mod_removeip Packaging Group,23,10,10,2,1
1912,Pierre-louis Bonicoli,23,11,12,0,0
1913,Runa Sandvik,23,1,22,0,0
1914,Sebastian Lohff,23,2,20,1,0
1915,Faumachine Team,22,4,18,0,0
1916,Johannes Lehtinen,22,0,19,3,0
1917,John Allwine,22,3,18,1,0
1918,Julien Rouhaud,22,7,12,2,1
1919,Nyu Secure Systems Lab,22,3,18,1,0
1920,Paul Seyfert,22,5,17,0,0
1921,Ramon Fried,22,2,20,0,0
1922,Richard Nelson,22,11,11,0,0
1923,Roberto S. Galende,22,6,14,2,0
1924,Vivia Nikolaidou,22,4,18,0,0
1925,Werner Heuser,22,4,18,0,0
1926,Lucas Chiesa,21,2,18,1,0
1927,Luzip665,21,4,13,4,0
1928,Markus Schade,21,20,1,0,0
1929,David Caldwell,20,5,15,0,0
1930,Debian L10n Development Team,20,4,16,0,0
1931,Drake Diedrich,20,1,19,0,0
1932,Gleisson Jesuino Joaquim Cardoso,20,3,17,0,0
1933,Hendrik Rittich,20,5,15,0,0
1934,John Ogness,20,7,12,1,0
1935,Lieer Maintainers,20,4,9,1,6
1936,Martin Dosch,20,5,12,3,0
1937,Zbigniew Jędrzejewski-szmek,20,1,14,5,0
1938,Arnd Hannemann,19,5,12,2,0
1939,Debian L2tpns Packaging Team,19,14,4,1,0
1940,Makoto Yamashita,19,0,14,5,0
1941,Marvin Stark,19,4,14,1,0
1942,Mike Markley,19,2,16,1,0
1943,Roman V. Nikolaev,19,0,19,0,0
1944,Stephen Gallagher,19,0,17,2,0
1945,Terry Burton,19,0,0,0,19
1946,Adrian-ken Rueegsegger,18,1,7,0,10
1947,Debian S/390 Team,18,13,4,1,0
1948,Ervin Hegedus,18,18,0,0,0
1949,Helge Deller,18,1,17,0,0
1950,Krystian Wlosek,18,4,14,0,0
1951,Christoph Hueffelmann,17,0,17,0,0
1952,Francis Murtagh,17,0,1,0,16
1953,Johann Queuniet,17,4,13,0,0
1954,Jose Carlos Garcia Sogo,17,2,15,0,0
1955,Roman Lebedev,17,0,6,0,11
1956,Antonio Cardoso Martins,16,1,13,2,0
1957,Arno Onken,16,4,10,2,0
1958,Geoffrey Pouzet,16,8,8,0,0
1959,Grzegorz Kolorz,16,7,9,0,0
1960,Lars Kruse,16,0,0,0,16
1961,Mats Sjöberg,16,3,13,0,0
1962,Matt Barry,16,0,14,2,0
1963,Panu Kalliokoski,16,3,12,1,0
1964,Thomas Andrejak,16,3,13,0,0
1965,Alexander Sulfrian,15,0,12,0,3
1966,Cézar Augusto De Campos,15,3,10,2,0
1967,David Maiorino,15,3,11,1,0
1968,Guido Guenther,15,6,9,0,0
1969,Ludovic Claude,15,2,11,2,0
1970,Martin Wuertele,15,2,13,0,0
1971,Martín Ferrari,15,1,14,0,0
1972,Russell Hernandez Ruiz,15,2,13,0,0
1973,Sven Hartge,15,11,4,0,0
1974,Debian Input Method Team Team,14,1,3,0,10
1975,Faucc Team,14,1,11,2,0
1976,Fernando Ike,14,4,4,0,6
1977,Fernando Toledo,14,1,13,0,0
1978,Geoff Levand,14,0,12,0,2
1979,Lajos Veres,14,2,12,0,0
1980,Marco Maria Francesco De Santis,14,0,12,2,0
1981,Mark King,14,2,10,2,0
1982,Thomas Krennwallner,14,3,10,1,0
1983,Torrus Maintainers,14,14,0,0,0
1984,Andreas Seltenreich,13,4,5,4,0
1985,Christian Garbs,13,8,5,0,0
1986,Dale E. Martin,13,2,11,0,0
1987,Debian Nim Team,13,0,0,0,13
1988,Felipe Augusto Van De Wiel,13,5,8,0,0
1989,Gábor Németh,13,1,8,2,2
1990,James E. Stark,13,2,11,0,0
1991,Leopold Palomo-avellaneda,13,2,10,0,1
1992,Maintainer: Debian Qa Group,13,0,11,2,0
1993,Mtpolicyd Maintainers,13,12,1,0,0
1994,Norwid Behrnd,13,5,7,1,0
1995,Philip Hands,13,11,1,0,1
1996,Quirin Gylstorff,13,0,3,9,1
1997,Romuald Brunet,13,3,9,1,0
1998,Siridb Maintainers,13,3,10,0,0
1999,Xavier Grave,13,0,0,0,13
2000,Adrian Vondendriesch,12,11,1,0,0
2001,David Douard,12,0,12,0,0
2002,Debian Kgb Maintainers,12,7,5,0,0
2003,Dimitri John Ledkov,12,1,11,0,0
2004,Dominique Belhachemi,12,1,10,1,0
2005,Felix Lechner,12,2,10,0,0
2006,Ferdinand Bachmann,12,3,2,7,0
2007,Jan Luebbe,12,1,10,1,0
2008,Medhamsh V,12,0,10,0,2
2009,Michael C. Schultheiss,12,2,10,0,0
2010,Radu-bogdan Croitoru,12,1,11,0,0
2011,Soren Stoutner,12,5,6,1,0
2012,Stephane Carrez,12,5,7,0,0
2013,Stephen Gildea,12,2,10,0,0
2014,Christopher Hoskin,11,2,4,5,0
2015,Dale Mellor,11,2,9,0,0
2016,François-régis Vuillemin,11,0,0,0,11
2017,Fumiama Minamoto,11,1,10,0,0
2018,Martin F. Krafft,11,0,6,0,5
2019,Alex Doyle,10,1,8,1,0
2020,Architecture Properties Maintainers,10,3,1,1,5
2021,Bhuvan Krishna,10,0,9,1,0
2022,Christer Edwards,10,1,9,0,0
2023,Dave Walker,10,0,10,0,0
2024,David Banks,10,0,9,1,0
2025,Jérôme Sonrier,10,0,10,0,0
2026,Jürgen Rinas,10,10,0,0,0
2027,Martin Gerhard Loschwitz,10,5,5,0,0
2028,Simon Huggins,10,2,8,0,0
2029,Thomas Schmidt,10,0,9,1,0
2030,Agathe Porte,9,7,2,0,0
2031,Alexander Gordeev,9,5,3,1,0
2032,Andreas Henriksson,9,0,9,0,0
2033,Arun Kumar Pariyar,9,2,4,3,0
2034,Boxer Developers,9,0,0,0,9
2035,Debian Freesmartphone.org Team,9,0,9,0,0
2036,Debian Med Team,9,0,9,0,0
2037,Debian Pan Team,9,0,5,0,4
2038,Dnstap-ldns Packagers,9,2,6,1,0
2039,Frank Stähr,9,3,6,0,0
2040,Jonas Weber,9,7,2,0,0
2041,Riku Voipio,9,1,8,0,0
2042,Sarah Connor,9,4,5,0,0
2043,Sascha Manns,9,4,5,0,0
2044,Andrea Corbellini,8,6,2,0,0
2045,Anthony Towns,8,0,4,0,4
2046,Bruno Nova,8,1,7,0,0
2047,Debian Libreoffice Team,8,4,4,0,0
2048,Fusiondirectory Maintenance Team,8,3,4,1,0
2049,Hector Oron,8,1,6,1,0
2050,Ledgersmb Core Team,8,5,2,1,0
2051,Mathieu Parent,8,0,8,0,0
2052,Matt Hsiao,8,3,5,0,0
2053,Tahoe Packaging Team,8,0,7,1,0
2054,Thibaut Gridel,8,1,7,0,0
2055,Ana Rodríguez López,7,0,7,0,0
2056,Antonio Radici,7,5,2,0,0
2057,Atsuhito Kohda,7,1,5,1,0
2058,Benedikt Wildenhain,7,6,1,0,0
2059,Cyril Lacoux,7,1,6,0,0
2060,Debian Fcoe Team,7,6,1,0,0
2061,Dominik Paulus,7,6,1,0,0
2062,Florian Ragwitz,7,1,6,0,0
2063,Gabriele N. Tornetta,7,1,6,0,0
2064,Gleydson Mazioli Da Silva,7,0,0,0,7
2065,Hiltjo Posthuma,7,4,0,3,0
2066,Luca Dall'olio,7,0,7,0,0
2067,Nicolas Dandrimont,7,1,6,0,0
2068,Ralph Ronnquist,7,1,1,5,0
2069,Riccardo Coccioli,7,2,3,2,0
2070,Sergio Schvezov,7,0,0,0,7
2071,Stefan Breunig,7,1,5,1,0
2072,Zulip Debian Packaging Team,7,0,0,0,7
2073,Adrien Boussicault,6,0,4,0,2
2074,Antti Järvinen,6,2,4,0,0
2075,Debian Kubernetes Packaging Team,6,1,4,1,0
2076,Grigori Fursin,6,5,1,0,0
2077,James Valleroy,6,6,0,0,0
2078,Jeroen Nijhof,6,5,1,0,0
2079,Jonas Meurer,6,1,5,0,0
2080,Matt Hart,6,2,4,0,0
2081,Stanislas Leduc,6,1,5,0,0
2082,Stefano Brivio,6,0,3,3,0
2083,Uli Martens,6,1,4,1,0
2084,Bofu Chen,5,0,5,0,0
2085,Dave Lambley,5,0,5,0,0
2086,Doug Rintoul,5,2,1,0,2
2087,Guobang Bi,5,0,4,1,0
2088,Jiaxun Yang,5,3,2,0,0
2089,Juri Grabowski,5,0,5,0,0
2090,Markus Uhlin,5,0,4,1,0
2091,Nicolas Delvaux,5,2,3,0,0
2092,Sergey B Kirpichev,5,0,5,0,0
2093,Skyper,5,0,5,0,0
2094,Steve Langasek <vorlon@debian.org>  Michael Vogt,5,0,0,0,5
2095,Adrien Nayrat,4,2,2,0,0
2096,Christos Trochalakis,4,0,4,0,0
2097,Compute Library Team,4,2,0,2,0
2098,Daniel Bailey,4,1,3,0,0
2099,Debian Ruby Maintainers,4,0,4,0,0
2100,Debianonmobile Team,4,0,4,0,0
2101,Dr. Torge Szczepanek,4,1,3,0,0
2102,Franklin Timoteo Dos Santos,4,1,3,0,0
2103,Ikuya Awashiro,4,1,0,0,3
2104,Jeremy Finzel,4,0,4,0,0
2105,Leofs Maintainers Team,4,0,4,0,0
2106,Michael Grünewald,4,0,3,1,0
2107,Miguel Landaeta,4,2,0,2,0
2108,Mirrorbits Maintainers,4,1,3,0,0
2109,Morten Werner Forsbring,4,1,3,0,0
2110,Shibboleth Packaging,4,0,2,0,2
2111,Stefan Potyra,4,0,2,2,0
2112,Ďoďo Ivanecký,4,0,4,0,0
2113,Andreas Misje,3,0,3,0,0
2114,Domenico Andreoli,3,0,3,0,0
2115,Laurent Arnoud,3,0,0,0,3
2116,Markus Wurzenberger,3,2,1,0,0
2117,Miroslav Kravec,3,0,3,0,0
2118,Robin Alexander,3,0,3,0,0
2119,Thomi Richards,3,2,1,0,0
2120,Ubaldo Porcheddu,3,0,3,0,0
2121,Valentin Gutierrez,3,0,3,0,0
2122,Yaegashi Takeshi,3,0,3,0,0
2123,Alex Vong,2,0,2,0,0
2124,Cybertec Postgresql,2,0,2,0,0
2125,Dušan Poizl,2,0,1,0,1
2126,Linaro Packagers,2,0,1,1,0
2127,Magnus Hagander,2,0,2,0,0
2128,Mariusz Jedwabny,2,1,1,0,0
2129,Matthew Fernandez,2,1,1,0,0
2130,Steve Kowalik,2,1,1,0,0
2131,Sven-ola Tuecke,2,1,1,0,0
2132,Thomas Calderon,2,1,0,0,1
2133,Vladimir Oltean,2,0,2,0,0
2134,Debian Ruby Extras Team,1,0,1,0,0
2135,Francisco Moya,1,0,0,0,1
2136,Groonga Project,1,1,0,0,0
2137,Jarrah Gosbell,1,1,0,0,0
2138,Ohashi Akira,1,0,1,0,0
2139,Python Packaging Team,1,0,1,0,0
2140,Raphaël Bleuse,1,0,1,0,0
2141,Sunday Nkwuda,1,0,0,0,1
2142,Tinker Team,1,0,0,0,1
2142,Total 307407791,102626872,92766874,30352211,81661834,0
